sim_id,time,G1,T1,G2,T2
0,0.0,6.6,7.6,10.3,0.41
0,0.5005005005005005,6.2949227051833345,7.434356420055537,10.436134765623299,0.43868658431840174
0,1.001001001001001,6.023263584202892,7.220768804784839,10.56868873319703,0.46725042598228583
0,1.5015015015015016,5.784209211115316,6.965739601427037,10.69761966795177,0.49561426176405293
0,2.002002002002002,5.576522399294653,6.67622984067499,10.822896193216772,0.523726463126785
0,2.5025025025025025,5.398675922053571,6.359357134620408,10.944495219343814,0.5515617821798201
0,3.0030030030030033,5.248965345607309,6.022139959885211,11.062399168131044,0.5791211915576417
0,3.503503503503504,5.12559920548545,5.671291340542216,11.176593092936907,0.6064309969235748
0,4.004004004004004,5.026767430402854,5.313060202488061,11.287061792546268,0.6335414137337732
0,4.504504504504505,4.950690108504576,4.95311697633357,11.393786998260031,0.6605247634290041
0,5.005005005005005,4.895650668773372,4.596476554259051,11.49674469695057,0.6874734357335945
0,5.505505505505506,4.86001597245474,4.247455206545097,11.595902635983665,0.7144977042581189
0,6.0060060060060065,4.842247086873624,3.9096552608782282,11.691218054926088,0.7417234991345218
0,6.506506506506507,4.840903162006728,3.5859738347494936,11.7826356649044,0.7692901944806667
0,7.007007007007008,4.854641141860042,3.2786308490187546,11.87008590194006,0.7973484800634656
0,7.507507507507508,4.8822123736715355,2.989213778128559,11.953483455484678,0.826058338810875
0,8.008008008008009,4.9224578664560825,2.718734666537392,12.032726084395437,0.8555871792533634
0,8.508508508508509,4.9743029393368605,2.4676960990007273,12.1076937200715,0.8861081364369447
0,9.00900900900901,5.036751791226,2.236162670075757,12.178247848373632,0.9177985458236825
0,9.50950950950951,5.108882279182427,2.0238345147425933,12.24423117000002,0.9508385856562852
0,10.01001001001001,5.189841067943587,1.8301197854583577,12.305467532608336,0.9854100665095654
0,10.510510510510512,5.278839175157701,1.6542033834197476,12.361762132865165,1.0216953355042773
0,11.011011011011012,5.375147868658861,1.4951098801439855,12.41290198963261,1.0598762487566826
0,11.511511511511513,5.478094846842943,1.3517591618588163,12.458656694921737,1.10013315677587
0,12.012012012012013,5.587060650767292,1.2230139421417612,12.498779455707533,1.1426438418338893
0,12.512512512512513,5.701475229287886,1.1077189825237101,12.533008445974508,1.18758233643773
0,13.013013013013014,5.820814629436167,1.004732227670011,12.561068495961036,1.2351175540336448
0,13.513513513513514,5.944597771282536,0.9129484672627505,12.582673151577163,1.285411659675149
0,14.014014014014016,6.072383305024539,0.8313164046037411,12.59752714255696,1.3386181107943682
0,14.514514514514516,6.203766546417754,0.7588500888628279,12.60532930187965,1.3948793024837605
0,15.015015015015017,6.338376497267914,0.6946357015758312,12.605775980411535,1.4543237579747492
0,15.515515515515517,6.475872964980998,0.6378346498345667,12.598564999212813,1.517062814126028
0,16.016016016016017,6.6159437921187205,0.5876838212305144,12.583400177104028,1.5831867651091924
0,16.516516516516518,6.758302209429981,0.5434937532575018,12.559996461737393,1.6527604434747487
0,17.017017017017018,6.902684322942952,0.5046453412319766,12.528085678510074,1.7258182404192344
0,17.51751751751752,7.048846742925548,0.47058558666357736,12.48742289154295,1.8023585946855913
0,18.01801801801802,7.196564359930384,0.44082278275883874,12.437793345311281,1.8823380136026997
0,18.51851851851852,7.345628270636252,0.4149214382282139,12.379019923579493,1.9656647307381965
0,19.01901901901902,7.49584385382988,0.3924971637726663,12.310971026487994,2.0521921495708497
0,19.51951951951952,7.647028993472822,0.3732116623447077,12.233568715246646,2.1417122863552085
0,20.02002002002002,7.799012449130016,0.35676794841811676,12.146796944389207,2.233949459316781
0,20.520520520520524,7.951632369121936,0.34290585665007955,12.050709638951917,2.32855454770477
0,21.021021021021024,8.104734934605098,0.33139786754888256,11.945438334832277,2.4251001909072447
0,21.521521521521525,8.258173139379124,0.32204527099852825,11.831199059095914,2.5230773341527675
0,22.022022022022025,8.411805693230173,0.31467467187604914,11.708298101706912,2.6218935602947666
0,22.522522522522525,8.565496045768109,0.309134830762877,11.577136313377991,2.7208736471211563
0,23.023023023023026,8.719111520835764,0.3052938296100105,11.438211575420315,2.81926275323064
0,23.523523523523526,8.872522560330152,0.30303654696852317,11.292119116655265,2.9162325858199867
0,24.024024024024026,9.025602064610858,0.30226242819323657,11.139549407401072,3.010890793898843
0,24.524524524524526,9.178224822917196,0.30288353732335416,10.98128345638573,3.1022936796637635
0,25.025025025025027,9.330267026835267,0.3048228776732151,10.818185429042272,3.1894621694779897
0,25.525525525525527,9.481605853497596,0.3080129687905167,10.651192664277422,3.2714007380639827
0,26.026026026026027,9.632119109293292,0.31239466863195237,10.481303261665177,3.347118836252278
0,26.526526526526528,9.78168492014537,0.31791622774363393,10.30956160138953,3.41565409986793
0,27.027027027027028,9.930181456364434,0.3245325659327528,10.137042226919906,3.476096507184081
0,27.52752752752753,10.077486676573704,0.3322047568917528,9.96483268548235,3.5276124489539047
0,28.028028028028032,10.22347807623356,0.3408997051874891,9.794015939959209,3.569467687969723
0,28.528528528528533,10.368032425507762,0.350590001232595,9.625652995411702,3.6010481464329596
0,29.029029029029033,10.511025481383745,0.3612539347288885,9.460766427836594,3.621877485283709
0,29.529529529529533,10.652331660383595,0.37287564671065565,9.300325333521585,3.631630754727338
0,30.030030030030034,10.791823657646713,0.38544540063968835,9.145232210873177,3.630143432730202
0,30.530530530530534,10.92937200102067,0.39895995016433733,8.996312165338331,3.617415453953977
0,31.031031031031034,11.064844530587143,0.41342298321583326,8.854304592218492,3.5936102411122013
0,31.531531531531535,11.19810579500192,0.4288456229966837,8.71985747458813,3.559048801174835
0,32.032032032032035,11.329016359133007,0.44524696625525423,8.593524241244904,3.5141993209018563
0,32.532532532532535,11.457432020073224,0.4626546439708832,8.475762993810202,3.459662901923288
0,33.033033033033036,11.583202930038691,0.4811053903588416,8.366937899734372,3.396156101267524
0,33.533533533533536,11.706172627667218,0.5006456082749887,8.267322399305744,3.3244912044065584
0,34.034034034034036,11.826176981504695,0.5213319235565474,8.177103906377528,3.245555045549315
0,34.53453453453454,11.94304305123696,0.543231720983768,8.096389665080082,3.160287207804019
0,35.03503503503504,12.056587874872871,0.5664236572885837,8.02521337443822,3.0696584974672914
0,35.53553553553554,12.166617191918798,0.5909981479118056,7.9635423189440715,2.9746502965224373
0,36.03603603603604,12.272924115047783,0.6170578232240423,7.9112847190315385,2.8762354110439423
0,36.53653653653654,12.375287765249583,0.644717951281004,7.868297045627845,2.7753609374579526
0,37.03703703703704,12.473471887977308,0.674106821014509,7.834391154598915,2.6729334027776273
0,37.53753753753754,12.56722347177422,0.7053660766945691,7.809341081056625,2.569806426935532
0,38.03803803803804,12.65627139409104,0.7386509927773873,7.792889392408878,2.4667710045251092
0,38.53853853853854,12.74032512250856,0.7741306739763318,7.784753052715884,2.364548351739559
0,39.03903903903904,12.8190735111805,0.8119881474029431,7.784628737892734,2.26378526291075
0,39.53953953953954,12.892183727632654,0.8524203300606475,7.792197621486214,2.1650517298388037
0,40.04004004004004,12.959300367254704,0.8956378166998182,7.8071295968043515,2.0688406723962447
0,40.54054054054055,13.020044809758899,0.9418644449237525,7.829086986140381,1.9755694351408422
0,41.04104104104105,13.074014887957127,0.9913365721241842,7.85772774911453,1.8855827701780437
0,41.54154154154155,13.120784957611733,1.0443019808156158,7.892708207085649,1.7991570806417616
0,42.04204204204205,13.159906450559223,1.1010183327053968,7.933685355091852,1.7165054787874463
0,42.54254254254255,13.19090903392607,1.1617510489358478,7.980318750193737,1.6377835611904041
0,43.04304304304305,13.213302486413774,1.226770507518405,8.032272052041233,1.5630954949828746
0,43.54354354354355,13.226579434241206,1.2963484119225135,8.089214225987462,1.4925002782780816
0,44.04404404404405,13.230219088383745,1.370753187770032,8.150820450029471,1.42601797334222
0,44.54454454454455,13.223692139067264,1.4502442485246805,8.21677276245664,1.3636357093860465
0,45.04504504504505,13.206466959866404,1.5350649772012577,8.286760471129128,1.3053134023617499
0,45.54554554554555,13.178017264731556,1.6254342818995704,8.360480363245388,1.2509890332467217
0,46.04604604604605,13.137831363799128,1.7215365828691211,8.437636737002439,1.2005834696723927
0,46.54654654654655,13.085423065125882,1.8235102096832805,8.517941285131355,1.1540047569658278
0,47.04704704704705,13.020344343411026,1.9314341004721567,8.601112854421439,1.1111518878177389
0,47.54754754754755,12.942199639907761,2.045313012528666,8.686877106553405,1.0719180197212301
0,48.04804804804805,12.850661754185111,2.1650613441548408,8.774966103235634,1.0361931770963473
0,48.54854854854855,12.745489044829643,2.290485968308372,8.865117838947365,1.0038664448636525
0,49.04904904904905,12.626543468976845,2.421268737573927,8.957075743850117,0.9748276783211491
0,49.54954954954955,12.493809084228786,2.556949187118742,9.050588177424682,0.9489687870987801
0,50.050050050050054,12.347410034881667,2.6969087643901744,9.145407934743988,0.9261846004613911
0,50.550550550550554,12.187627397796728,2.840357435753177,9.241291783726723,0.9063733902282763
0,51.051051051051054,12.014913646646335,2.986324342862332,9.338000052855925,0.8894370757255848
0,51.551551551551555,11.829903806886483,3.133653729211377,9.435296283879953,0.8752811726779071
0,52.052052052052055,11.633422009281631,3.28100784716836,9.532946965769371,0.8638145392483287
0,52.552552552552555,11.4264826222602,3.426877822084864,9.630721357272867,0.8549489719473117
0,53.053053053053056,11.210284836459598,3.569603862235789,9.728391408823304,0.8485987146404613
0,53.553553553553556,10.986200751728044,3.7074044015558094,9.825731780107619,0.8446799337289479
0,54.054054054054056,10.755755693195217,3.8384157507169516,9.922519959998032,0.8431102204402319
0,54.55455455455456,10.52060254997185,3.9607389649933538,10.01853647001715,0.8438081718127022
0,55.05505505505506,10.282489906626244,4.072494027567405,10.113565148726764,0.8466930911450395
0,55.55555555555556,10.043225651769298,4.171878270099284,10.207393495471912,0.8516848428331556
0,56.056056056056065,9.80463784570519,4.257225585414267,10.299813044111445,0.8587038953212436
0,56.556556556556565,9.568534705582083,4.327063819049792,10.390619764990783,0.8676715372407672
0,57.057057057057065,9.33666573367679,4.380166396325329,10.479614446793683,0.8785102831076504
0,57.557557557557566,9.110685934989311,4.415595312342095,10.566603043661697,0.8911444381110901
0,58.058058058058066,8.892124825067212,4.432733082192578,10.651396976127296,0.9055007830538415
0,58.558558558558566,8.682361325183667,4.431301806037042,10.733813346631015,0.9215093551799413
0,59.05905905905907,8.482605475470931,4.411368652396123,10.813675073949051,0.9391042607969123
0,59.55955955955957,8.293887076615302,4.373338001895201,10.890810931196198,0.9582244785925168
0,60.06006006006007,8.117051029589819,4.317931262068804,10.965055485702768,0.978814608163676
0,60.56056056056057,7.952758858299599,4.246156043579166,11.036248948569273,1.000825512430854
0,61.06106106106107,7.801495398462179,4.159266973695379,11.104236941801107,1.0242148240066382
0,61.56156156156157,7.66357958316379,4.058720703519667,11.168870200259613,1.0489472815624556
0,62.06206206206207,7.53917835075313,3.9461273069444993,11.230004227937071,1.074994881196731
0,62.56256256256257,7.42832241998706,3.8232008353098106,11.287498931768647,1.1023368217127583
0,63.06306306306307,7.330923013274058,3.6917110127181507,11.341218259234694,1.1309592451237012
0,63.56356356356357,7.246788806718568,3.5534376865554673,11.39102986549324,1.1608547718602575
0,64.06406406406407,7.175642350027704,3.4101296748956216,11.43680483896458,1.1920218333900618
0,64.56456456456458,7.117135522532637,3.263468914859254,11.478417510657085,1.2244638167886897
0,65.06506506506507,7.070863771148273,3.1150404597277834,11.515745371848604,1.258188031543534
0,65.56556556556558,7.036378878329457,2.9663087665610233,11.54866912556403,1.2932045121860063
0,66.06606606606607,7.013200251471135,2.8186001693446725,11.577072890096286,1.329524675894807
0,66.56656656656658,7.000824741120606,2.673091313156211,11.600844572786512,1.3671598489908736
0,67.06706706706707,6.998735026876954,2.5308031783217233,11.619876428629254,1.4061196792173285
0,67.56756756756758,7.006406732478063,2.3926000165264374,11.634065812442035,1.4464104530615718
0,68.06806806806807,7.02331436146073,2.2591925696741337,11.64331613098261,1.4880333339129614
0,68.56856856856858,7.048936178221515,2.131144854538378,11.647537995996954,1.5309825400022914
0,69.06906906906907,7.082758190493404,2.008883701008022,11.64665057359377,1.5752434825802548
0,69.56956956956958,7.124277333136339,1.8927103227774544,11.640583121405474,1.6207908848007397
0,70.07007007007007,7.173003958869453,1.7828132493583226,11.629276698244016,1.6675869059093804
0,70.57057057057058,7.228463744642935,1.6792819595647435,11.612686025214096,1.7155792982945015
0,71.07107107107107,7.290199090349602,1.5821206635143823,11.590781472013797,1.7646996275894102
0,71.57157157157158,7.357770083031261,1.491261810736942,11.563551134683058,1.8148615923495997
0,72.07207207207207,7.43075509635972,1.4065789433545828,11.531002965305689,1.8659594837960214
0,72.57257257257258,7.5087510773103086,1.3278986237709067,11.493166908456335,1.9178668300957373
0,73.07307307307308,7.591373571706466,1.2550112798130428,11.450096992357363,1.9704352764398032
0,73.57357357357358,7.678256534003199,1.1876808441355726,11.4018733186793,2.0234937541954974
0,74.07407407407408,7.769051958096647,1.1256531548665623,11.348603890658014,2.0768479950629186
0,74.57457457457458,7.8634293600451155,1.0686631885037732,11.290426211652232,2.1302804531584214
0,75.07507507507508,7.961075156576349,1.016441014498759,11.227508601897473,2.183550676686142
0,75.57557557557558,8.061691945099817,0.9687168246193509,11.160051148237924,2.2363962069825876
0,76.07607607607608,8.164997732440073,0.9252248157769895,11.088286257178517,2.2885340105894127
0,76.57657657657658,8.270725110048463,0.8857063786144529,11.012478719290913,2.33966252714393
0,77.07707707707708,8.378620410462599,0.8499123656732439,10.932925282077177,2.3894642944257654
0,77.57757757757759,8.488442846742958,0.8176048588349341,10.849953656988644,2.437609206865002
0,78.07807807807808,8.59996365276069,0.788558306017337,10.76392097402551,2.483758340670477
0,78.57857857857859,8.712965233577064,0.7625602696456856,10.675211661110854,2.5275683289061424
0,79.07907907907908,8.827240330576977,0.7394118065105586,10.584234765199053,2.5686962113582954
0,79.57957957957959,8.94259120571413,0.7189275718341159,10.491420763128636,2.6068046533435445
0,80.08008008008008,9.058828848952592,0.7009357286671045,10.397217885572436,2.6415674420384607
0,80.58058058058059,9.175772213947754,0.685277689528685,10.302088055649014,2.67267509887391
0,81.0810810810811,9.293247474320863,0.6718077675005747,10.206502496059851,2.6998404720305156
0,81.58158158158159,9.411087306804838,0.660392752849556,10.11093712104501,2.7228041534050655
0,82.0820820820821,9.529130194576013,0.6509114575632292,10.01586780716622,2.7413395362676307
0,82.58258258258259,9.647219751389716,0.6432542467547668,9.921765657648198,2.7552573740798767
0,83.0830830830831,9.765204059292094,0.6373225727857655,9.829092378649847,2.7644096559958795
0,83.58358358358359,9.88293502480271,0.633028544285156,9.738295809108374,2.7686928117711362
0,84.0840840840841,10.000267735893571,0.6302944987867607,9.649805839383216,2.768049851705193
0,84.58458458458459,10.117059831179196,0.6290526404772667,9.564030587943915,2.762471776588752
0,85.0850850850851,10.233170864603762,0.6292446839616392,9.481353173567877,2.751997751897237
0,85.58558558558559,10.3484616760166,0.6308215728813151,9.402128824464345,2.736714559068485
0,86.0860860860861,10.462793748324694,0.6337432023591393,9.326682684539016,2.71675481586752
0,86.58658658658659,10.57602856372295,0.6379782134024807,9.255308006408518,2.692294526670263
0,87.0870870870871,10.688026945010314,0.64350379280105,9.18826502586101,2.6635496578212927
0,87.58758758758759,10.79864839123809,0.6503055343017322,9.125780261694736,2.6307721288071657
0,88.0880880880881,10.907750395161031,0.6583773058794338,9.068046370718205,2.5942452145400217
0,88.58858858858859,11.015187751884927,0.6677211653290717,9.015222435056572,2.5542784814570227
0,89.0890890890891,11.120811851997718,0.6783472829531474,8.96743463849331,2.511202590101897
0,89.5895895895896,11.224469966408519,0.6902738982022766,8.92477734913117,2.4653637973177855
0,90.0900900900901,11.326004518283353,0.7035272838032378,8.887314413214208,2.4171187113285817
0,90.5905905905906,11.4252523503519,0.7181417297129684,8.85508078323308,2.366828950891892
0,91.0910910910911,11.522043987038206,0.7341595324516126,8.828084224095736,2.3148563340114805
0,91.5915915915916,11.616202901058903,0.7516309889975247,8.806307255192122,2.2615581930401083
0,92.0920920920921,11.707544784680618,0.7706143907958961,8.789709073681097,2.207283349744461
0,92.5925925925926,11.795876840041183,0.7911760054233974,8.778227599137676,2.1523684148167073
0,93.0930930930931,11.880997090462564,0.8133900466865314,8.771781450252506,2.0971347638673867
0,93.5935935935936,11.962693733297233,0.8373386107506008,8.770271941606707,2.0418859799492264
0,94.0940940940941,12.040744536802553,0.8631115813928972,8.773584982759465,1.9869059044431883
0,94.5945945945946,12.114916310064057,0.8908064730140574,8.781592916062575,1.9324572164117324
0,95.0950950950951,12.184964451103571,0.9205282119957432,8.794156245782812,1.8787805135667126
0,95.5955955955956,12.250632611209886,0.9523888170954184,8.811125256883079,1.8260939062203403
0,96.0960960960961,12.311652485354314,0.9865069737999875,8.832341516311514,1.7745929930194713
0,96.59659659659661,12.367743775713913,1.0230074563621074,8.857639238339804,1.7244512705075457
0,97.0970970970971,12.418614346959306,1.0620203820837557,8.886846530203433,1.6758208131748333
0,97.59759759759761,12.463960627145129,1.1036802466815712,8.919786498461667,1.6288332721153813
0,98.0980980980981,12.503468286147083,1.1481247113931605,8.956278234845428,1.583601047232735
0,98.59859859859861,12.53681324842514,1.1954930896061546,8.996137669777642,1.5402186514341112
0,99.0990990990991,12.563663089149477,1.2459244862912147,9.039178310382525,1.49876416859213
0,99.59959959959961,12.58367886722895,1.2995555432026666,9.085211861481,1.45930078844562
0,100.10010010010011,12.596517461997074,1.35651772644887,9.134048739338965,1.4218783695162698
0,100.60060060060061,12.601834456776828,1.4169341227195382,9.185498485095357,1.3865349875514112
0,101.10110110110111,12.599287646027959,1.4809156728505783,9.239370083888481,1.3532984583240897
0,101.60160160160162,12.588541192918425,1.548556829933812,9.295472202455423,1.322187783873453
0,102.10210210210211,12.569270501919593,1.6199305882346966,9.353613348028754,1.2932145293133541
0,102.60260260260262,12.54116781659077,1.6950828930212025,9.413601963765638,1.2663840874170902
0,103.10310310310311,12.503948550896968,1.7740264461595214,9.475246463816545,1.241696839738782
0,103.60360360360362,12.457358357581684,1.8567339298462298,9.538355223885489,1.219149190754229
0,104.10410410410411,12.401180817567303,1.9431308137580872,9.602736531358813,1.1987344746408293
0,104.60460460460462,12.33524576996718,2.033087752817865,9.668198509691383,1.180443733609142
0,105.10510510510511,12.259437960793054,2.126412991731723,9.73454902359717,1.1642663562757962
0,105.60560560560562,12.173706071473893,2.2228447337769603,9.80159557834992,1.1501905938746568
0,106.10610610610611,12.07807154348062,2.3220442113072037,9.869145221372662,1.138203936176588
0,106.60660660660662,11.972637298198308,2.4235893648508053,9.937004458148655,1.1282933756295186
0,107.10710710710711,11.857595551735423,2.526970126276841,10.004979190894353,1.1204455437660723
0,107.60760760760762,11.73323477166853,2.6315852747636903,10.072874692308467,1.1146467499376778
0,108.10810810810811,11.599944993259053,2.7367417931978975,10.14049561962541,1.110882916845082
0,108.60860860860862,11.458221238378846,2.8416571003859286,10.207646084013238,1.109139438270993
0,109.10910910910911,11.308664846680692,2.945464174384795,10.274129770822393,1.1094009665546312
0,109.60960960960962,11.151981897911792,3.0472207592450924,10.33975013113811,1.1116511494165842
0,110.11011011011011,10.988978801238407,3.1459222693458986,10.404310639688624,1.1158723339269967
0,110.61061061061062,10.820555109187433,3.2405180282096713,10.467615116103703,1.1220452569834438
0,111.11111111111111,10.64769308311756,3.329931638564707,10.529468127514999,1.1301487324360875
0,111.61161161161162,10.471444579513605,3.413084067902857,10.589675451394344,1.1401593619762183
0,112.11211211211213,10.292915441920275,3.4889190642797194,10.648044600968932,1.1520512810321604
0,112.61261261261262,10.113248006435656,3.556430057292183,10.704385418963188,1.16579593783887
0,113.11311311311313,9.933602175717349,3.614687220336189,10.75851071096882,1.181361934699044
0,113.61361361361362,9.75513592829387,3.6628635685042727,10.810236924659417,1.1987149180742915
0,114.11411411411413,9.578986007794407,3.7002588734423494,10.859384866201596,1.2178175148139632
0,114.61461461461462,9.406249406838938,3.726320207609102,10.905780433337666,1.2386293204984185
0,115.11511511511513,9.237966498382987,3.7406581043352847,10.9492553672094,1.2611069144712481
0,115.61561561561562,9.075106247651467,3.743057678245381,10.989648011091182,1.2852038939599983
0,116.11611611611613,8.918554043853641,3.733484046462236,11.026804067605624,1.3108709108386696
0,116.61661661661662,8.769102325974993,3.7120821306726284,11.060577353449903,1.338055688536102
0,117.11711711711713,8.627444181274758,3.6791707968941285,11.090830546262653,1.3667030050205746
0,117.61761761761763,8.494169826935728,3.6352318802740977,11.117435923285418,1.3967546229186436
0,118.11811811811813,8.369765808454147,3.580894722803374,11.140276092519489,1.4281491533501287
0,118.61861861861863,8.254616617242357,3.5169170854948786,11.159244717715863,1.460821843325137
0,119.11911911911913,8.149008392296565,3.4441633551629134,11.174247239830192,1.49470427894982
0,119.61961961961963,8.053134260523937,3.3635811178003747,11.185201598374004,1.529724005370232
0,120.12012012012013,7.967100961339434,3.2761769839740924,11.19203895413247,1.5658040648490685
0,120.62062062062063,7.890936328195822,3.1829926405829982,11.19470441549492,1.6028624629339077
0,121.12112112112113,7.824597286759568,3.085081907237171,11.193157768258121,1.6408115761958753
0,121.62162162162163,7.767978063352711,2.983489453767213,11.18737420580845,1.6795575202401936
0,122.12212212212214,7.72091833313753,2.879231743628448,11.177345056145572,1.7189994995715334
0,122.62262262262263,7.683211115168617,2.7732805516657413,11.163078497323086,1.7590291667697189
0,123.12312312312314,7.654610264136879,2.6665492887996214,11.144600250527269,1.7995300198562987
0,123.62362362362363,7.634837459677755,2.5598822138704205,11.121954236577436,1.840376869428773
0,124.12412412412414,7.623588616182498,2.454046546206841,11.095203179469472,1.8814354076224966
0,124.62462462462463,7.620539648580097,2.349727446943542,11.0644291400196,1.922561911257282
0,125.12512512512514,7.625351737642021,2.2475252037670503,11.029733946700237,1.9636031181417208
0,125.62562562562563,7.637675867694932,2.1479551202211233,10.99123951788117,2.004396294311901
0,126.12612612612614,7.65715689180028,2.0514490939014944,10.949088034528927,2.0447695323774275
0,126.62662662662663,7.683436965885844,1.9583590334868592,10.903441951927721,2.0845422949093764
0,127.12712712712714,7.7161585766215,1.868961363844725,10.854483816705537,2.1235262305335616
0,127.62762762762763,7.754967026486021,1.7834627616777585,10.802415882164087,2.1615262588603583
0,128.12812812812814,7.799512565625385,1.702006359040467,10.747459490213803,2.1983419442662955
0,128.62862862862863,7.8494521245249915,1.6246784259515734,10.68985421550743,2.233769143268511
0,129.12912912912915,7.904450698426072,1.5515152390239928,10.629856769861048,2.2676019084584915
0,129.62962962962965,7.964182454410354,1.4825098277869795,10.567739652324697,2.299634635687513
0,130.13013013013014,8.028331563975073,1.417618543685617,10.503789562573557,2.3296644107513353
0,130.63063063063063,8.096592802001782,1.356767272301052,10.438305586492978,2.3574935171074367
0,131.13113113113116,8.16867194473684,1.2998572064554434,10.371597172381996,2.382932052568752
0,131.63163163163165,8.244285994775801,1.2467701144146448,10.303981926540382,2.405800598779887
0,132.13213213213214,8.323163249874842,1.1973730815419021,10.235783259271427,2.425932877103629
0,132.63263263263264,8.405043241452242,1.1515227126071512,10.167327921603139,2.4431783248886645
0,133.13313313313316,8.489676567862729,1.1090687873986314,10.098943469134415,2.4574045304850105
0,133.63363363363365,8.576824631141783,1.0698574240681409,10.030955704259313,2.468499449139784
0,134.13413413413414,8.666259296125926,1.033733745866217,9.96368613488191,2.4763733531107195
0,134.63463463463464,8.757762488155278,1.0005441211389143,9.897449499472447,2.480960448013742
0,135.13513513513516,8.851125737999348,0.9701380028320927,9.83255140009856,2.48222011444115
0,135.63563563563565,8.946149684186798,0.9423694091871468,9.769286078352607,2.4801377442423824
0,136.13613613613614,9.04264354295653,0.9170981073648012,9.707934378533952,2.4747251331785005
0,136.63663663663664,9.140424552975775,0.8941905176728732,9.648761916039351,2.4660204367865806
0,137.13713713713716,9.23931739939099,0.8735203969540156,9.592017482670089,2.4540876772558877
0,137.63763763763765,9.339153623512498,0.8549693282820606,9.537931702141549,2.4390158235448274
0,138.13813813813815,9.439771022821429,0.8384270480163766,9.48671594283398,2.420917471568358
0,138.63863863863864,9.541013043046643,0.8237916454770182,9.43856149639356,2.3999271577018835
0,139.13913913913916,9.642728165377513,0.8109696567648064,9.393639014876884,2.3761993628508464
0,139.63963963963965,9.744769292093766,0.7998760735769169,9.352098199221734,2.349906245408639
0,140.14014014014015,9.846993130906704,0.7904342849602505,9.314067721141807,2.3212351800112256
0,140.64064064064064,9.949259578974178,0.7825759773555286,9.27965537192481,2.2903861501028597
0,141.14114114114116,10.051431109232702,0.7762409949386877,9.248948405849307,2.2575690607661576
0,141.64164164164166,10.15337215641345,0.7713771781051222,9.222014060235011,2.2230010424350004
0,142.14214214214215,10.254948506219632,0.76794018823923,9.198900230890702,2.1869037773151656
0,142.64264264264264,10.356026685718946,0.7658933254648153,9.179636269670201,2.1495009418070636
0,143.14314314314316,10.456473357052687,0.7652073495179067,9.164233895161479,2.111015757423076
0,143.64364364364366,10.55615471178345,0.7658603014024878,9.152688169854754,2.0716687525037316
0,144.14414414414415,10.6549358689734,0.767837338848024,9.144978548808576,2.0316756974636663
0,144.64464464464467,10.752680274668425,0.771130579132444,9.141069950353167,1.9912458074438137
0,145.14514514514516,10.849249105234865,0.7757389603954278,9.140913859449824,1.9505801603687996
0,145.64564564564566,10.944500672964384,0.7816681129574842,9.144449416113792,1.9098704003514548
0,146.14614614614615,11.038289836926486,0.788930249856322,9.151604502870756,1.869297676127154
0,146.64664664664667,11.130467418123297,0.7975440680847052,9.162296793750185,1.8290318490448811
0,147.14714714714717,11.220879623061313,0.8075346657964744,9.176434774575712,1.789230935375599
0,147.64764764764766,11.309367475393683,0.8189334674582586,9.193918708744459,1.7500407810453047
0,148.14814814814815,11.395766261144557,0.8317781579668656,9.214641553513108,1.711594949220613
0,148.64864864864867,11.479904987259998,0.846112618551147,9.238489814607904,1.6740147782292114
0,149.14914914914917,11.561605868729176,0.8619868610654596,9.265344338753238,1.6374096623161363
0,149.64964964964966,11.640683832221121,0.8794569540609136,9.295081042323808,1.6018773982096661
0,150.15015015015015,11.716946066025749,0.8985849285282914,9.327571564136052,1.5675047356067187
0,150.65065065065068,11.79019160355239,0.9194386624304751,9.362683860864527,1.5343679601378581
0,151.15115115115117,11.860210970600273,0.9420917225502351,9.400282728114776,1.502533599869755
0,151.65165165165166,11.926785896806141,0.96662315857773,9.44023025811968,1.472059176120411
0,152.15215215215215,11.98968910792261,0.9931172326934394,9.482386234502354,1.4429939755911974
0,152.65265265265268,12.048684229329362,1.021663059419631,9.526608456223641,1.4153798857872395
0,153.15315315315317,12.103525795562556,1.0523541547269002,9.572753015922514,1.3892521872863193
0,153.65365365365366,12.153959427033307,1.0852878439173006,9.620674507352694,1.3646403920325503
0,154.15415415415416,12.199722156487995,1.1205645367636345,9.670226191950745,1.3415690248194665
0,154.65465465465468,12.240542976201652,1.1582868110469136,9.721260104931877,1.3200584027061066
0,155.15515515515517,12.276143607616559,1.1985582981185083,9.773627122053938,1.3001253721968085
0,155.65565565565566,12.306239544707033,1.241482327707707,9.82717698194449,1.281784006787671
0,156.15615615615616,12.33054140745025,1.2871602977042838,9.881758269198809,1.2650462628278634
0,156.65665665665668,12.348756634813066,1.3356897430290797,9.937218365657168,1.2499225844014266
0,157.15715715715717,12.360591563397033,1.3871620697810174,9.993403368002447,1.2364224508024302
0,157.65765765765767,12.36575394221222,1.4416599005964548,10.050157984199586,1.2245548806441275
0,158.15815815815816,12.363955870352894,1.4992540700825687,10.107325407670881,1.214328861895634
0,158.65865865865868,12.354917280375084,1.560000136978744,10.164747176301235,1.2057537391769837
0,159.15915915915917,12.338369855927644,1.623934563631559,10.222263022593058,1.1988395240718734
0,159.65965965965967,12.314061542502088,1.691070394689559,10.27971071906715,1.1935971510440229
0,160.16016016016016,12.281761526914803,1.7613925995847202,10.336925927578184,1.1900386648676184
0,160.66066066066068,12.24126568780381,1.8348530969205799,10.393742058761019,1.1881773353503093
0,161.16116116116117,12.1924026167329,1.9113653667549613,10.449990146071814,1.1880277111898185
0,161.66166166166167,12.135039755003344,1.9907992059404582,10.50549874909133,1.189605587943907
0,162.1621621621622,12.069089997812812,2.072975235233184,10.560093887985442,1.1929279092699323
0,162.66266266266268,11.994518419868804,2.15765958416938,10.61359902150661,1.1980125932629477
0,163.16316316316318,11.911348832399563,2.2445591350718272,10.665835078346817,1.2048782712496444
0,163.66366366366367,11.819670055119142,2.3333174817693334,10.716620550901261,1.2135439460571986
0,164.1641641641642,11.719641792360795,2.4235117026443844,10.765771661730176,1.2240285764585508
0,164.66466466466468,11.611499645069458,2.5146505539817596,10.813102614160375,1.2363505775133115
0,165.16516516516518,11.495559109857252,2.6061743004502844,10.858425935549151,1.2505272377391443
0,165.66566566566567,11.372218202722689,2.697456544346198,10.90155292538403,1.266574061627473
0,166.1661661661662,11.24195852524155,2.7878081493003575,10.942294210868598,1.2845040473159888
0,166.66666666666669,11.105344400937483,2.8764838370659653,10.980460426372916,1.3043268919613902
0,167.16716716716718,10.96302021820942,2.9626910939211206,11.015863016336594,1.3260481397364567
0,167.66766766766767,10.815705404615642,3.045601967032235,11.04831516984614,1.3496682837413896
0,168.1681681681682,10.664187504497146,3.124366971830706,11.077632882269002,1.3751818329768486
0,168.6686686686687,10.509313053986652,3.1981314727578702,11.103636153566095,1.4025763473575346
0,169.16916916916918,10.35197678370664,3.266053522228378,11.12615031020034,1.4318314601728248
0,169.66966966966967,10.19310911945443,3.3273230303701653,11.145007450040497,1.46291790103602
0,170.1701701701702,10.033662611299674,3.3811812269193844,11.160047998355603,1.4957965299630487
0,170.6706706706707,9.874597595580946,3.4269399157743514,11.171122360754353,1.530417391767317
0,171.17117117117118,9.716867717928116,3.463999368765018,11.178092659629627,1.5667188105872123
0,171.67167167167167,9.561405556313716,3.4918646077075457,11.180834533102479,1.6046265326780493
0,172.1721721721722,9.409109308950345,3.510158478900905,11.179238974155048,1.6440529327152495
0,172.6726726726727,9.260830274569042,3.518632237717128,11.173214182496954,1.6848962951771997
0,173.17317317317318,9.117362239087784,3.5171717681112273,11.16268740611535,1.7270401905531374
0,173.67367367367368,8.979432697624375,3.5057998565910076,11.147606739738192,1.7703529613491484
0,174.1741741741742,8.847695782712877,3.48467516523786,11.127942841249368,1.8146873319697623
0,174.6746746746747,8.722727566343389,3.4540866335901033,11.103690541965767,1.8598801766615092
0,175.17517517517518,8.60502328211775,3.4144446167039404,11.074870309031411,1.905752461647205
0,175.67567567567568,8.494996473761045,3.3662691693084437,11.04152952765443,1.9521093805804224
0,176.1761761761762,8.392979905711478,3.310175579927394,11.003743558079655,1.9987407318996013
0,176.6766766766767,8.299227967924006,3.2468582181239753,10.961616538164034,2.045421550626844
0,177.17717717717719,8.213920362360062,3.1770732913434747,10.915281903927685,2.0919130180902603
0,177.6776776776777,8.137166746999036,3.1016210025445337,10.864902577772435,2.1379636938373396
0,178.1781781781782,8.06901210317748,3.0213279357532055,10.810670812593372,2.183311072610992
0,178.6786786786787,8.009442601504828,2.937030137836303,10.752807667512686,2.2276834793199987
0,179.1791791791792,7.958391698463057,2.8495573240361254,10.691562091583922,2.2708023185326875
0,179.6796796796797,7.915746251381702,2.7597188193591844,10.6272096102734,2.312384666789315
0,180.1801801801802,7.88135269620984,2.6682908934863656,10.56005062966254,2.352146165487795
0,180.6806806806807,7.855022843987637,2.5760065830562286,10.490408343229197,2.389804223296781
0,181.1811811811812,7.836539437103912,2.483547401640781,10.418626279122023,2.4250814516651498
0,181.6816816816817,7.8256613804819475,2.3915369556544546,10.345065521710044,2.4577092691950986
0,182.1821821821822,7.822128503034057,2.3005368369829715,10.27010163906386,2.4874316207554426
0,182.6826826826827,7.825665914076406,2.211044254392422,10.1941213678427,2.514008717091433
0,183.1831831831832,7.835987924827788,2.123491356492131,10.117519117917182,2.537220700224503
0,183.6836836836837,7.852801535124229,2.038246082780433,10.040693365648526,2.556871138872697
0,184.1841841841842,7.8758095026399655,1.955614259624076,9.964042989659832,2.572790264591986
0,184.6846846846847,7.904713019513884,1.875842713937414,9.887963632392891,2.584837843693193
0,185.1851851851852,7.939214013787967,1.7991231890615182,9.812844154540242,2.5929056047018926
0,185.6856856856857,7.979017107788049,1.7255968309698377,9.739063241267223,2.596919150076345
0,186.1861861861862,8.02383124754379,1.655359033666464,9.666986232543932,2.5968392647225333
0,186.6866866866867,8.073371064795575,1.5884644903779606,9.596962217483606,2.5926626492654217
0,187.1871871871872,8.127357949529799,1.524932250754828,9.529321451841366,2.584421951684327
0,187.6876876876877,8.185520900736387,1.4647507086110474,9.464373117180587,2.5721851932059803
0,188.1881881881882,8.247597157599204,1.4078823831825213,9.402403450758134,2.5560545572645004
0,188.6886886886887,8.313332646562374,1.354268378031826,9.343674280271825,2.5361645547224207
0,189.1891891891892,8.382482256135262,1.3038326026919695,9.28842190271257,2.5126797271699424
0,189.68968968968971,8.45480997316707,1.2564854851308407,9.236856401798114,2.4857917780082976
0,190.1901901901902,8.53008888479595,1.2121274511281475,9.189161260785644,2.4557164389601502
0,190.6906906906907,8.608101078525733,1.170651870761272,9.145493376088622,2.422689930575569
0,191.1911911911912,8.68863744375273,1.131947723565612,9.10598333486399,2.3869653021771975
0,191.69169169169172,8.771497397425115,1.095901846396001,9.070735991827856,2.3488086182109527
0,192.1921921921922,8.856488546136854,1.0624008441584467,9.039831283578813,2.308495148428555
0,192.6926926926927,8.943426288746396,1.0313327109951855,9.013325233203318,2.2663056209311003
0,193.19319319319322,9.032133384096271,1.002588125513394,8.991251138434794,2.222522630430797
0,193.69369369369372,9.12243947522211,0.9760615341665884,8.973620870331587,2.1774272487226964
0,194.1941941941942,9.214180595220457,0.9516519773228015,8.960426279862611,2.1312959245937386
0,194.6946946946947,9.307198647758149,0.9292637455819606,8.951640656564814,2.08439768902781
0,195.19519519519523,9.40134087540788,0.9088068575230989,8.947220228267833,2.036991702808685
0,195.69569569569572,9.496459319865606,0.8901974083742646,8.947105657963055,1.98932520133783
0,196.1961961961962,9.59241027222314,0.8733577952656515,8.951223539106309,1.941631762113404
0,196.6966966966967,9.689053726261253,0.8582168604346575,8.959487838443126,1.8941300169513569
0,197.19719719719723,9.786252825068797,0.8447099486761154,8.971801308178575,1.8470226509792744
0,197.69769769769772,9.88387331404157,0.8327789191146105,8.98805681720746,1.8004958117876093
0,198.1981981981982,9.981782992600928,0.8223721073242172,9.008138620843365,1.7547187918113294
0,198.6986986986987,10.079851171066526,0.8134442629381242,9.03192354114994,1.7098440325260669
0,199.19919919919923,10.17794812684883,0.8059564580735243,9.059282075632527,1.6660073345668822
0,199.69969969969972,10.275944569138762,0.7998760001439915,9.090079397467285,1.6233283589726886
0,200.20020020020021,10.3737111022097,0.7951763301369947,9.12417628175701,1.5819112597073421
0,200.7007007007007,10.471117692015325,0.7918369291648991,9.161429929115666,1.5418454984674164
0,201.20120120120123,10.568033132636021,0.7898432281187103,9.201694707005457,1.5032067536070968
0,201.70170170170172,10.664324516692428,0.7891865328755148,9.24482280004815,1.4660579436251833
0,202.20220220220222,10.759856703746607,0.7898639593446722,9.290664778479199,1.4304502911474084
0,202.7027027027027,10.854491787835482,0.7918783848272707,9.339070081406836,1.3964244275945852
0,203.20320320320323,10.948088564431927,0.795238414040585,9.3898874266694,1.3640115056113582
0,203.70370370370372,11.04050199861124,0.7999583630188327,9.442965143814332,1.3332343155166286
0,204.20420420420422,11.13158269022513,0.806058255827024,9.498151441387177,1.304108369545875
0,204.7047047047047,11.22117634039128,0.8135638366467491,9.555294605297723,1.2766429554243557
0,205.20520520520523,11.30912321835528,0.8225065919853529,9.614243140490624,1.2508421444255544
0,205.70570570570572,11.39525763458222,0.8329237823248178,9.674845853981886,1.2267057493947406
0,206.20620620620622,11.479407417090293,0.8448584777487957,9.736951887874813,1.2042302262281128
0,206.7067067067067,11.561393400596634,0.8583595933778174,9.800410701662068,1.1834095118396517
0,207.20720720720723,11.641028928600951,0.8734819191524554,9.865072013075249,1.164235808034705
0,207.70770770770773,11.718119380834466,0.8902861351575563,9.930785696539372,1.1467002985870671
0,208.20820820820822,11.792461726282285,0.9088388068841607,9.9974016456683,1.1307938133869313
0,208.70870870870874,11.863844119868132,0.9292123463452542,10.064769600736192,1.116507427530049
0,209.20920920920923,11.932045547374031,0.9514849315344854,10.132738946565535,1.1038330131662197
0,209.70970970970973,11.996835539331645,0.9757403658940932,10.201158482329367,1.092763733562757
0,210.21021021021022,12.057973958091992,1.0020678709720097,10.269876166241646,1.0832945001593455
0,210.71071071071074,12.115210906899417,1.0305617708233366,10.338738838723854,1.075422359123213
0,211.21121121121124,12.168286737485683,1.0613210839464169,10.40759192544995,1.0691468649360993
0,211.71171171171173,12.216932229619614,1.0944489597610882,10.47627912666822,1.064470391842399
0,212.21221221221222,12.260868938484531,1.1300519606100126,10.544642091639812,1.0613984166487365
0,212.71271271271274,12.299809752955316,1.1682391503598655,10.612520083196305,1.0599397655340361
0,213.21321321321324,12.333459715451376,1.2091209443101287,10.679749637971963,1.0601068128698699
0,213.71371371371373,12.361517107032256,1.2528077160582736,10.746164220696395,1.061915662079875
0,214.21421421421422,12.38367488079726,1.2994080910496062,10.811593888942364,1.065386270180989
0,214.71471471471475,12.399622456998637,1.3490269082079527,10.875864956148543,1.070542548549427
0,215.21521521521524,12.409047926672374,1.4017628205493378,10.938799676348664,1.0774124093702004
0,215.71571571571573,12.411640729214245,1.4577054682224366,11.000215944987072,1.086027770976158
0,216.21621621621622,12.407094816228804,1.5169322269794319,11.059927029420441,1.0964245113270352
0,216.71671671671675,12.395112325510322,1.5795045233935416,11.117741343343743,1.1086423561938568
0,217.21721721721724,12.37540788474666,1.6454635925742016,11.173462257842763,1.1227247089640913
0,217.71771771771773,12.347713337944372,1.7148259419417353,11.226887988063169,1.138718392338698
0,218.21821821821823,12.311783235593259,1.7875781440704708,11.27781153902301,1.1566733115219958
0,218.71871871871875,12.267400678275925,1.8636714604594855,11.326020752097103,1.176642011227383
0,219.21921921921924,12.214383653479453,1.9430161558570842,11.371298458136364,1.1986791183489756
0,219.71971971971973,12.152591901950586,2.0254754794535,11.413422745362132,1.2228406619060181
0,220.22022022022023,12.08193402621287,2.1108596821388828,11.45216737641657,1.2491832469939126
0,220.72072072072075,12.00237455262621,2.1989204548594015,11.487302378871307,1.2777630687104893
0,221.22122122122124,11.913941080413723,2.289345625470394,11.518594817481347,1.3086347540206482
0,221.72172172172174,11.816731058099982,2.381754646734411,11.54580977228761,1.3418500262931885
0,222.22222222222223,11.710917973543001,2.475695236104644,11.568711558882242,1.3774561611518672
0,222.72272272272275,11.596756665024266,2.570641514224858,11.587065200148249,1.4154942414590836
0,223.22322322322324,11.474587434301197,2.6659939254671596,11.600638172554925,1.455997198657818
0,223.72372372372374,11.34483862299287,2.7610813494892765,11.609202435011301,1.4989876550533987
0,224.22422422422426,11.208027450093148,2.8551657426085253,11.612536769161208,1.5444755486579944
0,224.72472472472475,11.06475881026232,2.9474494869532144,11.610429421657583,1.5924555766680397
0,225.22522522522524,10.915721810069686,3.037085565607536,11.602681047061981,1.6429044797262022
0,225.72572572572574,10.761684065928721,3.1231905174562655,11.589107938664608,1.6957781982261304
0,226.22622622622626,10.603483624447701,3.204860151686661,11.569545533391521,1.7510089419496233
0,226.72672672672675,10.442018747608255,3.281187470063948,11.543852139137549,1.808502245851935
0,227.22722722722725,10.278235747939535,3.351282382053832,11.511912840662779,1.8681340782789273
0,227.72772772772774,10.113115229095857,3.414292511822173,11.47364351557203,1.929748091545516
0,228.22822822822826,9.947657184837038,3.469424300566786,11.42899487839245,1.9931531147717818
0,228.72872872872875,9.782865470612398,3.5159635130621054,11.377956453860437,2.0581210044716385
0,229.22922922922925,9.619732195621696,3.5532942649135366,11.320560369852572,2.124384973839041
0,229.72972972972974,9.459222544240333,3.5809157799137803,11.256884856851304,2.19163852138528
0,230.23023023023026,9.30226073576419,3.5984558181064306,11.187057286874744,2.259535131477896
0,230.73073073073076,9.149717340804768,3.6056805989433984,11.111256662308646,2.3276888201158474
0,231.23123123123125,9.002398429799428,3.6025005579891367,11.029715403106199,2.3956756759322673
0,231.73173173173174,8.861036868742366,3.5889717061558053,10.9427202961088,2.463036502079699
0,232.23223223223226,8.72628583113537,3.5652927219036763,10.850612509892958,2.529280620331717
0,232.73273273273276,8.598714586534335,3.5317979618978077,10.75378658074107,2.5938908828153644
0,233.23323323323325,8.478806465778364,3.488946854422893,10.65268831722719,2.656329877961666
0,233.73373373373374,8.366958870408,3.43731019246543,10.547811593392032,2.716047281901526
0,234.23423423423426,8.263485075473904,3.3775540375196185,10.43969404859082,2.7724882393381263
0,234.73473473473476,8.16861755469201,3.310421956977432,10.32891175259461,2.825102603254471
0,235.23523523523525,8.082512530418446,3.236716335614076,10.21607293772002,2.873354806724444
0,235.73573573573574,8.005255451953694,3.1572794638523454,10.101810942468683,2.91673408798059
0,236.23623623623627,7.93686711530667,3.072975061203595,9.986776534305069,2.9547647658640592
0,236.73673673673676,7.877310156530058,2.9846708150205083,9.87162981081117,2.987016230075897
0,237.23723723723725,7.82649568843137,2.893222365001283,9.757031947795465,3.0131122393371492
0,237.73773773773775,7.784289918268136,2.799459075408372,9.643636959380427,3.032739283169254
0,238.23823823823827,7.750520541883632,2.704171924739208,9.532083731772625,3.0456536289450082
0,238.73873873873876,7.724982843468545,2.608103534076387,9.4229885521054,3.0516867922741353
0,239.23923923923925,7.707445411235372,2.5119404011270112,9.31693828444401,3.0507492836173853
0,239.73973973973975,7.697655377915319,2.416307384497537,9.214484377543016,3.042832421715588
0,240.24024024024027,7.6953432020560975,2.321764194427465,9.116137809838026,3.0280082046562273
0,240.74074074074076,7.70022696643712,2.228803756729201,9.022365017488658,3.006427305872336
0,241.24124124124126,7.7120161721435885,2.137852309665977,8.933584890125982,2.9783151901019513
0,241.74174174174178,7.730415078321771,2.0492708950260736,8.850166788697548,2.943966608049654
0,242.24224224224227,7.755125599313371,1.963358034421612,8.772429529862876,2.9037387100901357
0,242.74274274274276,7.785849774724087,1.8803533717710923,8.700641321420163,2.8580429496094704
0,243.24324324324326,7.822291862232753,1.800441986222835,8.635020507941478,2.8073361672514774
0,243.74374374374378,7.864160078800108,1.7237591891588895,8.575737020193909,2.7521111481907288
0,244.24424424424427,7.91116801955058,1.650395596601428,8.522914446875605,2.6928869076099162
0,244.74474474474476,7.963035793556408,1.580402286928264,8.476632575019346,2.6301990576901546
0,245.24524524524526,8.019490904035438,1.513795926947157,8.436930293564979,2.5645904863675124
0,245.74574574574578,8.08026890274957,1.450563723845156,8.403808761449827,2.4966025752521652
0,246.24624624624627,8.145113848091635,1.390668111886091,8.37723472451947,2.4267671758618197
0,246.74674674674677,8.21377859043278,1.3340511325826019,8.357143905825568,2.3555994510372047
0,247.24724724724726,8.28602490934827,1.2806384422193289,8.343444392539391,2.283591702426802
0,247.74774774774778,8.361623525188335,1.2303429211543886,8.336019948360612,2.211208265160312
0,248.24824824824827,8.440354002425345,1.1830678995660064,8.334733215190756,2.1388814446849573
0,248.74874874874877,8.522004563062902,1.1387099881551823,8.339428760214927,2.067008502891235
0,249.24924924924926,8.606371826902347,1.0971615249267872,8.349935932165664,1.995949670678791
0,249.74974974974978,8.693260490124961,1.0583126780913554,8.366071521261313,1.926027072064144
0,250.25025025025028,8.782482954567879,1.0220532215520202,8.387642205899454,1.8575244916749298
0,250.75075075075077,8.873858919598442,0.9882740104401448,8.414446773427976,1.790687902024063
0,251.25125125125126,8.967214943163318,0.9568681985188894,8.446278125881967,1.7257266072570918
0,251.75175175175178,9.062383979508999,0.92773222233117,8.482925070574382,1.6628149095760072
0,252.25225225225228,9.159204901310197,0.9007665830032627,8.52417389713769,1.6020941939894449
0,252.75275275275277,9.257522008466479,0.8758764572670604,8.569809758930067,1.5436753118120052
0,253.25325325325326,9.357184529913402,0.8529721632845404,8.619617861549317,1.4876411740427782
0,253.75375375375378,9.458046123944428,0.8319695107189444,8.673384465554703,1.434049452203904
0,254.25425425425428,9.559964360469047,0.8127900342587773,8.730897755040843,1.3829353742914898
0,254.75475475475477,9.662800223989993,0.7953611800336517,8.791948509055628,1.3343143987605695
0,255.25525525525526,9.766417592125526,0.7796163859682953,8.85633067141153,1.2881849775698229
0,255.75575575575579,9.87068273531546,0.7654951695962938,8.923841765466793,1.2445309804375837
0,256.2562562562563,9.9754637932516,0.7529431180468832,8.994283212892714,1.2033242509481397
0,256.7567567567568,10.08063026610648,0.7419119035554083,9.06746053365204,1.164526774199387
0,257.25725725725727,10.1860525021507,0.7323592783894737,9.143183448926612,1.1280926953637656
0,257.75775775775776,10.291601169547572,0.7242490373126776,9.221265920450511,1.093970264502599
0,258.2582582582583,10.397146729671517,0.7175509977946677,9.301526106870199,1.062103514881634
0,258.7587587587588,10.502558908954837,0.712240988870222,9.383786234282777,1.032433748133834
0,259.2592592592593,10.607706155006078,0.7083008426636836,9.467872431626878,1.0049008724818254
0,259.7597597597598,10.712455083493765,0.7057183980333147,9.553614508896345,0.9794445860984059
0,260.2602602602603,10.816669916035849,0.7044875259443549,9.640845681765096,0.9560053830142331
0,260.7607607607608,10.920211902723594,0.7046081716256796,9.729402262046317,0.9345254328961683
0,261.26126126126127,11.022938730141016,0.706086414568599,9.819123308907049,0.9149493451525883
0,261.76176176176176,11.124703912928346,0.7089345538989402,9.909850250160373,0.8972248114528036
0,262.2622622622623,11.225356167778017,0.7131712133896958,10.001426472008692,0.8813031594634824
0,262.7627627627628,11.324738770241188,0.7188214681077673,10.09369688186698,0.8671398234099381
0,263.2632632632633,11.422688889354367,0.7259170000872203,10.186507454689485,0.8546947464382562
0,263.7637637637638,11.51903690833638,0.7344962652131681,10.279704745981167,0.843932722502795
0,264.2642642642643,11.613605727094301,0.7446046781598051,10.373135381520505,0.834823694464988
0,264.7647647647648,11.706210039581364,0.7562948325175506,10.46664554716892,0.8273430226218232
0,265.26526526526527,11.796655621463886,0.7696266989714388,10.560080425933325,0.8214716941148231
0,265.76576576576576,11.884738573161115,0.784667874866184,10.653283649198421,0.8171965617215968
0,266.2662662662663,11.970244600146895,0.801493790221348,10.746096703059687,0.8145105162266912
0,266.7667667667668,12.052948263558632,0.8201879413617789,10.838358328194763,0.8134126862858158
0,267.2672672672673,12.132612257182652,0.8408420969547648,10.929903900555157,0.8139086266415566
0,267.7677677677678,12.208986738584242,0.8635564478902795,11.020564785443527,0.8160104785033795
0,268.2682682682683,12.281808627121963,0.888439782044402,11.110167684390687,0.8197371877149624
0,268.7687687687688,12.35080108233647,0.915609485924777,11.198533959044724,0.8251146557211562
0,269.2692692692693,12.415672925370245,0.9451915903350925,11.285478938929218,0.8321759622353967
0,269.76976976976977,12.476118287546884,0.9773205977405867,11.370811222693822,0.8409615436906959
0,270.2702702702703,12.531816391463325,1.012139177258376,11.454331967712655,0.8515193746766001
0,270.7707707707708,12.582431458715696,1.0497977320189509,11.535834174636179,0.8639051710006607
0,271.2712712712713,12.627612862374537,1.0904537285973543,11.61510197154509,0.8781825752957187
0,271.7717717717718,12.666995629100667,1.1342706846578974,11.69190991486617,0.894423301052667
0,272.2722722722723,12.700201224590586,1.1814168809208436,11.766022300316726,0.9127072691768413
0,272.7727727727728,12.726838777725678,1.2320636572026948,11.837192521244852,0.9331226978954965
0,273.2732732732733,12.74650675762889,1.2863832682439564,11.90516245896955,0.9557661444882002
0,273.7737737737738,12.75879525821271,1.3445461478574834,11.969661957472468,0.9807424478826368
0,274.2742742742743,12.76328886801073,1.406717617032762,12.0304083648041,1.0081646013260688
0,274.7747747747748,12.759570331293911,1.4730538493964405,12.087106230980533,1.038153461916353
0,275.2752752752753,12.74722496114376,1.5436971104903388,12.139447111757635,1.0708373410635896
0,275.7757757757758,12.725845955202574,1.6187701570674204,12.18710961072964,1.1063513460348424
0,276.2762762762763,12.695040659416769,1.6983697437750171,12.22975959756814,1.144836538016276
0,276.7767767767768,12.654437759878586,1.7825593231357586,12.267050780955106,1.186438730445514
0,277.2772772772773,12.603695586030232,1.8713607020599166,12.29862553654441,1.23130702068074
0,277.7777777777778,12.542511158139245,1.964745175371135,12.32411622719991,1.2795918300591895
0,278.2782782782783,12.470630270565692,2.062623783888589,12.343146935448242,1.3314425295635293
0,278.7787787787788,12.387858317097152,2.1648370951583624,12.3553357224523,1.3870045452138908
0,279.2792792792793,12.294071482593997,2.2711450374554167,12.360297551747799,1.4464158093536237
0,279.7797797797798,12.189228299573308,2.381216783069112,12.357647866402498,1.5098025813395297
0,280.2802802802803,12.073380927934927,2.494621503272106,12.347006917361673,1.5772745646002777
0,280.7807807807808,11.946685914364975,2.610820394408302,12.328004904865402,1.6489192567568411
0,281.2812812812813,11.809413815738969,2.729160716161538,12.30028797724177,1.7247955271454023
0,281.78178178178183,11.661956995958331,2.8488726927981665,12.263525084428618,1.8049264742256328
0,282.2822822822823,11.504835306383335,2.9690697068265535,12.217415702756078,1.889291557691701
0,282.7827827827828,11.338698760983274,3.0887528314790202,12.1616983678197,1.9778181469003144
0,283.2832832832833,11.164326903758374,3.2068199627633143,12.096159878877913,2.0703727006656854
0,283.7837837837838,10.982624381219255,3.3220801412477132,12.020645112161901,2.1667516900929273
0,284.2842842842843,10.794612491447008,3.433273085905777,11.935067109265175,2.2666727357653884
0,284.7847847847848,10.60141680234132,3.5390935829257995,11.839417210949568,2.3697662846736325
0,285.2852852852853,10.404250941294762,3.6382203164084665,11.73377484942014,2.4755683408612925
0,285.78578578578583,10.204396790188602,3.729348565447526,11.618316722188043,2.5835146256040327
0,286.2862862862863,10.0031823661754,3.811224400205029,11.493324582089494,2.6929371611584454
0,286.7867867867868,9.801957615148437,3.8826801175406667,11.359191467796403,2.8030634304988915
0,287.2872872872873,9.602069498670115,3.942668334879404,11.21642568679478,2.913019018699664
0,287.7877877877878,9.404837326739255,3.9902933685569226,11.065652153500013,3.021834114033019
0,288.2882882882883,9.211529403739965,4.024838223289432,10.907610678825526,3.1284542682706427
0,288.7887887887888,9.023341899344643,4.045785764579138,10.74315095022121,3.2317556155654783
0,289.28928928928934,8.841380746936577,4.052833136820295,10.573224059913041,3.330564466187406
0,289.78978978978984,8.666647116463558,4.0458987343065544,10.39887063410395,3.4236809734289695
0,290.29029029029033,8.500026785707902,4.0251216239296195,10.221205807857475,3.509906217132312
0,290.7907907907908,8.342283479664955,3.990853709508806,10.041401485043025,3.5880717831684064
0,291.2912912912913,8.194056002404404,3.943645355332377,9.860666521852714,3.6570706376643436
0,291.7917917917918,8.05585890932601,3.8842253367259105,9.68022553341685,3.71588801743053
0,292.2922922922923,7.928086259235035,3.813476316168394,9.501297163556508,3.7636308988444975
0,292.7927927927928,7.8110174925562585,3.73240789172931,9.325073045096469,3.79955408648833
0,293.29329329329335,7.704825767048173,3.642126765685297,9.152697508011501,3.8230828755750177
0,293.79379379379384,7.609587225249975,3.5438072630578668,8.985249619962486,3.8338297853265755
0,294.29429429429433,7.52529102603091,3.4386625896550886,8.82372786805777,3.831605094648435
0,294.7947947947948,7.451850056244922,3.3279167374805856,8.669037552911133,3.8164215755994375
0,295.2952952952953,7.389111173525034,3.2127799617823842,8.521981809560582,3.7884917277716523
0,295.7957957957958,7.336865372462815,3.0944263059747734,8.383255735550584,3.7482193784663065
0,296.2962962962963,7.294857272396902,2.9739747559789285,8.25344378084528,3.696185373463652
0,296.7967967967968,7.262793865804447,2.8524739608977394,8.133020057684687,3.6331284134421833
0,297.29729729729735,7.240352521164418,2.730890218319812,8.022351193165836,3.559922316786103
0,297.79779779779784,7.22718806467525,2.610099131719859,7.921701294017325,3.4775504695421358
0,298.29829829829833,7.22293906957647,2.490880319685034,7.831238546447893,3.387078928670293
0,298.7987987987988,7.22723331267961,2.373915099275895,7.751043002407392,3.28962910226829
0,299.2992992992993,7.239692472591636,2.2597867312887274,7.681115075003919,3.1863511237379183
0,299.7997997997998,7.259936107297222,2.1489829077225333,7.62138447517512,3.0783985757101147
0,300.3003003003003,7.287585015580463,2.041899975503787,7.571719122105794,2.966905562005874
0,300.8008008008008,7.322264014206337,1.9388485871349974,7.5319338872441035,2.8529664268043535
0,301.30130130130135,7.363604209691386,1.840060417472492,7.501798929608129,2.737618526360023
0,301.80180180180184,7.411244829535671,1.7456955190296346,7.481047486077882,2.621828319033247
0,302.30230230230234,7.464834657677238,1.6558500731891972,7.469383052720559,2.50648073482069
0,302.80280280280283,7.524033134943243,1.5705642547297038,7.466485889193453,2.3923717838341534
0,303.3033033033033,7.588511167660811,1.4898299599250366,7.472018849371196,2.2802042053651124
0,303.8038038038038,7.65795168459752,1.4135982497339639,7.485632539063024,2.1705858860989857
0,304.3043043043043,7.732049976279719,1.3417863593917387,7.506969827559714,2.064030729164738
0,304.80480480480486,7.810513854236976,1.2742841741093853,7.5356697615898245,1.96096157543957
0,305.30530530530535,7.893063654651636,1.2109601202186595,7.571370912353645,1.8617148200517177
0,305.80580580580585,7.979432110935584,1.1516664317224379,7.613714207612682,1.7665463400756531
0,306.30630630630634,8.069364119344362,1.0962437945661596,7.662345302117155,1.6756383306048235
0,306.80680680680683,8.1626164154599,1.0445253794947627,7.716916522567617,1.5891067461649482
0,307.3073073073073,8.258957177703042,0.9963402881336978,7.777088437048769,1.5070090366615922
0,307.8078078078078,8.358165573314547,0.9515164633229862,7.842531090570492,1.4293518945271704
0,308.3083083083083,8.460031258777208,0.9098831011015123,7.91292494180192,1.3560988288339717
0,308.80880880880886,8.564353844883398,0.8712726142407582,7.987961539802148,1.2871773844432859
0,309.30930930930936,8.67094233596372,0.8355222072248623,8.067343971989423,1.222485875434343
0,309.80980980980985,8.7796145505627,0.8024751037440452,8.15078711325865,1.161899561007154
0,310.31031031031034,8.890196529415846,0.7719814809265131,8.238017704501857,1.105276204989246
0,310.81081081081084,9.002521935581177,0.7438991564467052,8.328774284083046,1.0524610032289365
0,311.31131131131133,9.11643145107638,0.718094055148981,8.42280699544945,1.00329087653716
0,311.8118118118118,9.231772172819886,0.694440519187456,8.519877291052634,0.9575981558148144
0,312.3123123123123,9.348397009761634,0.6728214728498964,8.619757549895002,0.915213709218437
0,312.81281281281287,9.466164081711378,0.6531284771183283,8.722230625067834,0.8759695125052056
0,313.31331331331336,9.584936120962697,0.6352617036760367,8.82708933408311,0.8397007889098637
0,313.81381381381385,9.704579878207925,0.6191298469003375,8.934135905353664,0.8062476759397015
0,314.31431431431434,9.824965528968862,0.6046499917051789,9.04318138901632,0.7754565754075928
0,314.81481481481484,9.945966082674017,0.5917474548765225,9.154045042595346,0.7471811433269409
0,315.31531531531533,10.067456790677857,0.5803556128039551,9.266553696587387,0.7212830436484755
0,315.8158158158158,10.189314552481822,0.5704157264856575,9.380541106614228,0.6976324625453392
0,316.3163163163163,10.311417317921197,0.5618767741061401,9.495847296304529,0.6761084464774577
0,316.81681681681687,10.433643482190769,0.5546952966019549,9.612317893034438,0.6565990972256295
0,317.31731731731736,10.555871271581589,0.5488352675938633,9.729803460310523,0.6390016486745281
0,317.81781781781785,10.677978116264756,0.5442679870986629,9.84815882577362,0.623222464000884
0,318.31831831831835,10.799840007318625,0.5409720092752464,9.967242407116562,0.6091769680020629
0,318.81881881881884,10.921330833745358,0.5389331012994808,10.08691553248578,0.59678954179724
0,319.31931931931933,11.042321697427171,0.5381442513430368,10.207041760452285,0.5859933921180115
0,319.8198198198198,11.162680199227907,0.5386057055064509,10.327486187776435,0.5767304113110572
0,320.3203203203203,11.28226969464582,0.5403250613982556,10.448114754085843,0.5689510508830846
0,320.82082082082087,11.400948513196296,0.5433173997313046,10.568793530032286,0.5626141940739078
0,321.32132132132136,11.51856913949079,0.5476054742970404,10.689387994841699,0.5576870698082899
0,321.82182182182186,11.634977348270633,0.5532199466441114,10.809762291831124,0.5541451793709734
0,322.32232232232235,11.750011292259593,0.5601996793867018,10.929778464998606,0.5519722783568243
0,322.82282282282284,11.863500536195177,0.5685920820943634,11.049295666104259,0.551160384941151
0,323.32332332332334,11.97526503697256,0.5784535155475333,11.168169332688445,0.5517098488705451
0,323.82382382382383,12.085114061291998,0.5898497532668547,11.28625032859736,0.5536294615071485
0,324.3243243243244,12.192845044335906,0.6028564995357862,11.403384044961903,0.5569366289363407
0,324.8248248248249,12.298242381257037,0.6175599667322788,11.519409454062021,0.5616575981956209
0,325.32532532532537,12.401076159102526,0.6340575045667682,11.634158113297161,0.567827747700582
0,325.82582582582586,12.501100822151766,0.6524582843530231,11.747453112210575,0.5754919405884787
0,326.32632632632635,12.598053782927169,0.672884025197254,11.859107959885556,0.5847049436675567
0,326.82682682682685,12.691653978697694,0.6954697606788096,11.968925406665752,0.5955319152528428
0,327.32732732732734,12.781600391413884,0.7203646269518756,12.076696198418762,0.6080489591849509
0,327.82782782782783,12.867570538677946,0.7477326636830702,12.18219775854074,0.6223437490428796
0,328.3283283283284,12.949218950870003,0.7777536109139677,12.285192795117249,0.6385162188222886
0,328.8288288288289,13.026175719772047,0.8106236206336035,12.385427849307842,0.6566793114569662
0,329.32932932932937,13.098045028656147,0.8465559658277128,12.482631751303101,0.6769597986888192
0,329.82982982982986,13.16440389461745,0.885781524930904,12.576514045678277,0.6994991262229915
0,330.33033033033036,13.224800983576129,0.9285491757215912,12.666763331370102,0.7244543237361712
0,330.83083083083085,13.278755750332627,0.9751258468004924,12.753045595306313,0.7519989060475836
0,331.33133133133134,13.325757894131915,1.025796239331948,12.8350025209584,0.7823237794534725
0,331.83183183183183,13.36526720306065,1.0808621453947709,12.912249789239636,0.815638131858375
0,332.3323323323324,13.396714148449002,1.1406409917193592,12.98437550891763,0.8521701714909817
0,332.8328328328329,13.419501070190199,1.2054637780711437,13.050938689490964,0.892167796630943
0,333.33333333333337,13.433004283612055,1.2756720638403414,13.111467901094334,0.9358990500198723
0,333.83383383383386,13.436577371860126,1.3516137329834106,13.165460215762035,0.9836522584223656
0,334.33433433433436,13.429555847991082,1.4336373319557933,13.212380538077259,1.0357357421418025
0,334.83483483483485,13.411263297038046,1.5220848905010222,13.251661380022764,1.0924770448798384
0,335.33533533533534,13.381019404185892,1.617282782811423,13.282703315774537,1.1542214340616126
0,335.83583583583584,13.338149996502384,1.7195304674136884,13.304876247183028,1.2213295149478338
0,336.3363363363364,13.28199937358445,1.8290868333423245,13.31752169666922,1.294173741194668
0,336.8368368368369,13.211945009031997,1.9461541404270288,13.319956380836315,1.3731335624688654
0,337.3373373373374,13.127414889574194,2.0708592052910175,13.311477305714417,1.458588930170808
0,337.83783783783787,13.027907069562499,2.203232376030094,13.291368632864433,1.550911874832482
0,338.33833833833836,12.913011480914614,2.343184342362473,13.258910645131808,1.65045581844276
0,338.83883883883885,12.782433999262896,2.490480919449945,13.213391076040917,1.75754236806134
0,339.33933933933935,12.636021170900095,2.644717724649651,13.15411900110372,1.8724453014179134
0,339.8398398398399,12.473785443406332,2.80529516237441,13.080441519258043,1.9953715808947985
0,340.3403403403404,12.295929587033987,2.971395448687094,12.991763268417847,2.1264393995736035
0,340.8408408408409,12.102868664072131,3.1419640139409064,12.887568694582338,2.2656533761151945
0,341.3413413413414,11.895248086061676,3.3156971951001477,12.767446843958298,2.4128773175095413
0,341.84184184184187,11.673955872791652,3.4910386872788486,12.631118085064807,2.567805406235637
0,342.34234234234236,11.440127729428701,3.6661869046440185,12.478462000021166,2.72993289658875
0,342.84284284284286,11.195143132376883,3.839115333937399,12.309545314532429,2.8985279485532938
0,343.34334334334335,10.940611592646388,4.007606804572565,12.124648329287567,3.072606789150489
0,343.8438438438439,10.678348814713976,4.169301853327073,11.924288196110584,3.250914532154051
0,344.3443443443444,10.410342810278467,4.321760418193271,11.709237033499027,3.431914498376598
0,344.8448448448449,10.138710975093408,4.462534801480752,11.480532939865245,3.6137887355207776
0,345.3453453453454,9.865650915161636,4.5892491370633355,11.239481912708165,3.7944524483233106
0,345.8458458458459,9.593386443364873,4.6996826742291615,10.987649321555185,3.9715840166219842
0,346.34634634634637,9.324112702156214,4.791850091071979,10.726839881242979,4.142671771113139
0,346.84684684684686,9.059943097786537,4.864074699329697,10.459066066755952,4.305077006231771
0,347.34734734734735,8.802861136782838,4.915049378443612,10.186505772253987,4.456111366627283
0,347.8478478478479,8.554679599258606,4.943881561727562,9.911451000782035,4.593125115742114
0,348.3483483483484,8.317008848707225,4.950119990695136,9.636250237737832,4.7136013920819035
0,348.8488488488489,8.091235154287215,4.9337621343306575,9.363247799376431,4.815250668895145
0,349.3493493493494,7.878509228722817,4.895242950370501,9.094723766245835,4.896099146390194
0,349.8498498498499,7.6797442765479245,4.8354067667807055,8.832838071855148,4.95456512222292
0,350.35035035035037,7.495622386336022,4.755465114576604,8.579581845242664,4.989518325048634
0,350.85085085085086,7.326607696458139,4.656943894503986,8.336738378895829,5.000318638995421
0,351.35135135135135,7.1729645655401875,4.5416234844403265,8.105855169737726,4.986832405150595
0,351.8518518518519,7.034779044996258,4.411475314752115,7.888227485248991,4.9494263023307
0,352.3523523523524,6.911982021159449,4.2685981184079225,7.684893018145145,4.888940456771866
0,352.8528528528529,6.804372711834793,4.115156530599884,7.496636396072516,4.806643823953795
0,353.3533533533534,6.711641448849458,3.953324170600472,7.324001843212315,4.7041757043522265
0,353.8538538538539,6.633390977642585,3.7852327731477415,7.16731201677118,4.583477687086915
0,354.35435435435437,6.569155785486735,3.612928400478753,7.026690997540221,4.44672032431121
0,354.85485485485486,6.518419192128919,3.4383352963416125,6.902089563130058,4.2962285061800705
0,355.3553553553554,6.480628137174922,3.26322754486273,6.793311113496751,4.134408997087693
0,355.8558558558559,6.4552057246173975,3.089208382039331,6.700036990537735,3.9636828583439474
0,356.3563563563564,6.441561679491502,2.917696758956567,6.62185025497502,3.78642483243992
0,356.8568568568569,6.439100926793517,2.7499205611066055,6.558257313035312,3.604911092865696
0,357.3573573573574,6.447230524991464,2.5869157503226483,6.508707068911173,3.421276162864651
0,357.8578578578579,6.465365188197634,2.429530606995326,6.472607497537915,3.2374793033440707
0,358.3583583583584,6.49293162256794,2.2784341836983772,6.449339716369361,3.055280220227547
0,358.85885885885887,6.529371873197319,2.1341280865297207,6.438269721925528,2.876223644284911
0,359.3593593593594,6.57414584372892,1.9969607244586822,6.438758009267332,2.701632086467876
0,359.8598598598599,6.6267331556904585,1.8671431717524163,6.450167359914029,2.532605808839586
0,360.3603603603604,6.6866344540694795,1.7447659072260182,6.471869069048728,2.370028973966191
0,360.8608608608609,6.753372259594166,1.629815773014292,6.503247833887196,2.2145808686160398
0,361.3613613613614,6.826491453800846,1.5221925956359976,6.54370553813701,2.066751047540735
0,361.8618618618619,6.905559455209932,1.4217250245601978,6.592664120087466,1.9268572816083032
0,362.3623623623624,6.990166143268296,1.3281852528247902,6.649567686317636,1.795065236781682
0,362.86286286286287,7.079923575368571,1.241302401622379,6.713883997614858,1.6714089669707206
0,363.3633633633634,7.174465529950431,1.1607744248805936,6.7851054339076295,1.5558114018328566
0,363.8638638638639,7.273446909857723,1.0862784859062624,6.862749531843411,1.4481041205169751
0,364.3643643643644,7.376543032906143,1.017479823009645,6.94635916063177,1.3480459342003457
0,364.8648648648649,7.483448832663158,0.9540391593115969,7.0355023986757965,1.2553398924750396
0,365.3653653653654,7.593877991378816,0.895618765094176,7.129772162984101,1.169648466582291
0,365.8658658658659,7.707562022721746,0.8418872997806008,7.228785631828926,1.0906068153914796
0,366.3663663663664,7.824249321029565,0.7925235632082694,7.332183501884108,1.0178341137418374
0,366.86686686686687,7.943704191236947,0.7472193002272431,7.439629113817147,0.950942997421612
0,367.3673673673674,8.065705870883486,0.7056812061223285,7.550807473811345,0.8895472673262345
0,367.8678678678679,8.190047554855111,0.6676322538960076,7.665424200471341,0.833267998551432
0,368.3683683683684,8.316535431048068,0.6328124676046227,7.78320441971432,0.7817382307635388
0,368.8688688688689,8.444987733400332,0.6009792538357257,7.90389162736435,0.7346064420298445
0,369.3693693693694,8.575233817529,0.5719073829267859,8.027246537755367,0.6915389857309431
0,369.8698698698699,8.707113262634019,0.5453887022878017,8.153045932678337,0.6522216611762591
0,370.3703703703704,8.840475002093807,0.5212316530546213,8.281081522611077,0.6163605840392978
0,370.87087087087093,8.975176484014963,0.4992606473824227,8.411158829902003,0.5836825031755432
0,371.3713713713714,9.111082861907683,0.479315352649124,8.543096100769745,0.5539346889924744
0,371.8718718718719,9.248066215734804,0.46124992524616465,8.67672325186823,0.5268844825654756
0,372.3723723723724,9.386004800920226,0.4449322194633436,8.811880854688068,0.5023186278424819
0,372.8728728728729,9.524782324299725,0.43024299921613063,8.948419160219363,0.48004243434367583
0,373.3733733733734,9.664287244547074,0.41707517184895565,9.086197162929064,0.45987884050259803
0,373.8738738738739,9.80441209375761,0.4053330536864575,9.22508170475561,0.44166742360176714
0,374.3743743743744,9.945052817561974,0.3949316834074715,9.364946617702708,0.4252633964934466
0,374.87487487487493,10.086108129605401,0.3857961872708171,9.505671901903826,0.4105366161845503
0,375.3753753753754,10.227478876738909,0.3778612016806,9.647142936505215,0.3973706253260721
0,375.8758758758759,10.369067410923707,0.3710703596776725,9.78924971968857,0.3856617484913593
0,376.3763763763764,10.510776962780932,0.3653758401013764,9.931886134279951,0.3753182467365735
0,376.8768768768769,10.652511012435898,0.36073798347269365,10.074949234084018,0.3662595427629922
0,377.3773773773774,10.794172652504718,0.35712497591264575,10.218338546116568,0.35841552286599465
0,377.8778778778779,10.935663937562575,0.354512600522622,10.361955384060757,0.35172591495692246
0,378.3783783783784,11.076885214631773,0.35288405663042904,10.50570216698327,0.34613974281894605
0,378.87887887887894,11.21773442832994,0.35222985244644267,10.649481738807712,0.3416148698783488
0,379.37937937937943,11.358106394424357,0.3525477664050854,10.7931966815308,0.33811761652287886
0,379.8798798798799,11.4978920339647,0.3538428830224489,10.936748615185792,0.33562246215353864
0,380.3803803803804,11.636977561552124,0.35612770276766925,11.080037479239273,0.33411182501884945
0,380.8808808808809,11.775243618945158,0.35942233239938237,11.222960788443906,0.3335759301631968
0,381.3813813813814,11.912564345993365,0.3637547547602041,11.365412854588156,0.33401275433671623
0,381.8818818818819,12.048806377912632,0.36916118651632646,11.507283965025897,0.33542806039645356
0,382.3823823823824,12.183827761398497,0.3756865251489362,11.648459512078224,0.33783551455571104
0,382.88288288288294,12.317476776847817,0.38338489454993613,11.788819061347352,0.3412568982944952
0,383.38338338338343,12.449590656729873,0.39232029237928573,11.928235350530624,0.3457224102301119
0,383.8838838838839,12.579994186551414,0.40256734955245377,12.066573205527146,0.35127107076953856
0,384.3843843843844,12.708498177698113,0.41421220761803995,12.203688365259117,0.3579512291151871
0,384.8848848848849,12.83489779795642,0.42735352429752976,12.3394261991925,0.3658211853440907
0,385.3853853853854,12.958970746569602,0.44210361550830873,12.473620306866064,0.37494993080462624
0,385.8858858858859,13.080475261613447,0.45858974294082894,12.606090982036019,0.38541802037522077
0,386.38638638638645,13.199147947589259,0.476955555580472,12.736643528986255,0.39731858368519013
0,386.88688688688694,13.31470140959696,0.4973626953674175,12.865066412663,0.4107584887394557
0,387.38738738738743,13.426821672319482,0.5199925841239799,12.991129227160936,0.42585966850500334
0,387.8878878878879,13.535165436735785,0.5450483443546705,13.114580467432008,0.4427606232239882
0,388.3883883883884,13.63935706948305,0.5727569447693286,13.235145080303413,0.46161811529246605
0,388.8888888888889,13.738985388249779,0.6033715131984516,13.352521784115138,0.4826090655550343
0,389.3893893893894,13.83360036629416,0.6371737044550662,13.466380164414417,0.5059326434269512
0,389.8898898898899,13.922709558745845,0.6744763000838622,13.57635748901174,0.5318125990404927
0,390.39039039039045,14.005774435365607,0.7156258660274056,13.68205528161943,0.560499801707809
0,390.89089089089094,14.082206620015748,0.7610054733308654,13.783035611598702,0.592275021941415
0,391.39139139139144,14.151364307929311,0.8110372056688737,13.878817188384827,0.6274518715646354
0,391.89189189189193,14.212548788254544,0.8661845321829681,13.968871218537945,0.6663799420469694
0,392.3923923923924,14.265001161275151,0.9269544668448283,14.052617063231121,0.7094481061480428
0,392.8928928928929,14.307899766999629,0.9938989557072136,14.129417835712648,0.757087838039746
0,393.3933933933934,14.340358457845499,1.0676153450040506,14.198576016479251,0.8097764728772511
0,393.8938938938939,14.36142600189129,1.1487457089599427,14.25932921323313,0.8680402904154755
0,394.39439439439445,14.37008716618274,1.237974373513645,14.310846281589424,0.9324571877475871
0,394.89489489489495,14.365265942501164,1.3360230391094283,14.35222410314026,1.0036586081518
0,395.39539539539544,14.345831580976354,1.4436429427913415,14.382485313558513,1.082330451877947
0,395.89589589589593,14.310608260344225,1.5616030186329255,14.400577526760047,1.1692123541955741
0,396.3963963963964,14.258388910233272,1.6906733312705258,14.405374495006066,1.2650948094495402
0,396.8968968968969,14.1879542962615,1.8316025869272572,14.39567993433305,1.3708133492089996
0,397.3973973973974,14.098098084584176,1.9850887833972823,14.370234888474059,1.4872387217935013
0,397.8978978978979,13.98765873193392,2.1517419047996125,14.327729393413598,1.6152621890033172
0,398.39839839839846,13.855558333689723,2.332038377173973,14.266819679493329,1.755774353722918
0,398.89889889889895,13.700849247243218,2.5262663661066895,14.186151760569167,1.9096365406195526
0,399.39939939939944,13.522767538907017,2.73446296842194,14.084392641241903,2.0776430486120616
0,399.89989989989994,13.320792185879993,2.9563447425421323,13.960270022621055,2.260473100116968
0,400.40040040040043,13.09470807070709,3.1912342885487885,13.812620980084896,2.4586318690467768
0,400.9009009009009,12.84466942014338,3.43798759327465,13.640449771947303,2.6723802051356405
0,401.4014014014014,12.571259340591773,3.6949283026091937,13.4429940373037,2.9016540703646183
0,401.90190190190197,12.275539795317743,3.959797154773183,13.219797209389176,3.145976744432846
0,402.40240240240246,11.959086717258144,4.229724548095224,12.970784566855404,3.4043672759264427
0,402.90290290290295,11.624003253360605,4.501236475918637,12.69633743427428,3.675253466705005
0,403.40340340340344,11.272906751246648,4.770300448412992,12.397359913509552,3.95639744051189
0,403.90390390390394,10.908885650188035,5.032416879541382,12.075330592097911,4.244845526811574
0,404.40440440440443,10.535425667023093,5.28275619807299,11.732331401763096,4.5369142685784976
0,404.9049049049049,10.156307866643631,5.516336692431136,11.371046335511553,4.828223752893022
0,405.4054054054054,9.775484662841734,5.728232448192264,10.99472464568132,5.113786548620417
0,405.90590590590597,9.396942633278034,5.913795797438362,10.60710591895709,5.3881554840384025
0,406.40640640640646,9.024563045039688,6.068875760070616,10.212308986118412,5.645626313195624
0,406.90690690690695,8.661991214358421,6.1900135174606365,9.814690746195208,5.880483864437992
0,407.40740740740745,8.312524791969995,6.2745982296062275,9.418685477811863,6.087272869714098
0,407.90790790790794,7.9790283970801035,6.320971296008174,9.028637973303372,6.2610698775618365
0,408.40840840840843,7.6638787229699,6.328473201182186,8.648644888283622,6.397731117901947
0,408.9089089089089,7.368940683030295,6.297433420284866,8.282417542157393,6.494093573993987
0,409.4094094094094,7.0955720008398355,6.229109398676992,7.933175899705275,6.548113066379793
0,409.90990990990997,6.84465154750739,6.125584291436324,7.603580579643938,6.558928708228597
0,410.41041041041046,6.616624963221242,5.989635953466223,7.295702507605087,6.52685621003981
0,410.91091091091096,6.411561436932825,5.82458895953763,7.011028434212527,6.453315001531411
0,411.41141141141145,6.229215487754215,5.63416120974402,6.750495295966066,6.340703721138667
0,411.91191191191194,6.069088901606312,5.42231418670161,6.514545945260566,6.192238930339947
0,412.41241241241244,5.930489096157259,5.19311385366708,6.3031978797242525,6.011773508730687
0,412.91291291291293,5.812581491709106,4.950606804690627,6.11611748951826,5.8036091299899155
0,413.4134134134134,5.714434589254256,4.6987142981123675,5.952693659287003,5.572314652509115
0,413.913913913914,5.635057349486529,4.441145262634327,5.812106317682417,5.322558909611917
0,414.41441441441447,5.573429138957816,4.18132818314811,5.693387057192271,5.058963555418142
0,414.91491491491496,5.528522924511956,3.922361049187601,5.5954704900564005,4.7859787921099874
0,415.41541541541545,5.49932263406193,3.6669780579240823,5.517236071825182,4.507782952509284
0,415.91591591591595,5.484835678784931,3.4175314954477667,5.457540922626362,4.228205489289812
0,416.41641641641644,5.484101609155737,3.1759870622093107,5.415244651847661,3.9506720496625256
0,416.91691691691693,5.496197786173756,2.9439308120870833,5.38922742072699,3.678169823412434
0,417.4174174174175,5.520242821513561,2.7225858189173056,5.378402529836535,3.4132310653174276
0,417.917917917918,5.555398403664768,2.512836649853166,5.381724735445356,3.1579325625203762
0,418.41841841841847,5.600869992091371,2.315259724061558,5.398195380692691,2.9139086982044082
0,418.91891891891896,5.655906732926171,2.1301576922452363,5.426865169312447,2.682375784281377
0,419.41941941941946,5.719800865336457,1.9575960556540108,5.466835355590852,2.464165149461035
0,419.91991991991995,5.791886784493277,1.7974404216165698,5.51725782148927,2.2597626466692504
0,420.42042042042044,5.871539880878227,1.6493929904831746,5.577334447061832,2.0693521902537415
0,420.92092092092093,5.958175226935062,1.5130271355650977,5.6463160241115435,1.892861140133283
0,421.4214214214215,6.0512461536291795,1.3878192090375112,5.723500879412623,1.7300055720815188
0,421.921921921922,6.150242743408188,1.2731769835063087,5.8082333186424036,1.5803337756207245
0,422.42242242242247,6.254690254816331,1.1684644004712679,5.899901937204204,1.4432666760346249
0,422.92292292292296,6.364147491850081,1.0730225264360187,5.99793783871772,1.3181342471627489
0,423.42342342342346,6.478205130603488,0.9861868036103077,6.101812776592275,1.2042073570972895
0,423.92392392392395,6.596484013000068,0.9073008394316427,6.211037225139384,1.1007248069591324
0,424.42442442442444,6.71863342673352,0.8357270075917536,6.32515841391092,1.0069156156940937
0,424.92492492492494,6.844329379024997,0.770854301839448,6.443758307335065,0.9220167635551714
0,425.4254254254255,6.973272883719092,0.7121038121610649,6.566451569403024,0.8452868504243567
0,425.925925925926,7.105188273564525,0.6589322113273847,6.692883525154304,0.7760161208960961
0,426.4264264264265,7.239821549348363,0.610833635765408,6.822728131416688,0.7135333710269623
0,426.92692692692697,7.376938780506002,0.5673403083703007,6.955685980821294,0.6572103151709198
0,427.42742742742746,7.516324563665099,0.5280221814781761,7.091482352989129,0.6064638649757971
0,427.92792792792795,7.6577805453639,0.4924858594459426,7.229865328125121,0.5607567805967798
0,428.42842842842845,7.801124018736288,0.46037301827981314,7.3706039732327095,0.5195970974528671
0,428.92892892892894,7.94618659261168,0.4313584868767661,7.513486612620589,0.4825366624827749
0,429.4294294294295,8.092812936693832,0.4051481272488207,7.658319187482488,0.4491690433015773
0,429.92992992993,8.240859603097261,0.3814766203842902,7.804923708868046,0.4191270437173002
0,430.4304304304305,8.390193922264357,0.36010524128199956,7.95313680594214,0.39207999693982276
0,430.93093093093097,8.540692970980317,0.3408196731194299,8.102808368710239,0.3677309606015954
0,431.43143143143146,8.692242608930085,0.32342791412775884,8.253800284944441,0.3458139346563673
0,431.93193193193196,8.844736580746844,0.30775829305073127,8.40598526538002,0.3260911454297645
0,432.43243243243245,8.998075678562929,0.29365761817427627,8.559245754428925,0.30835045943019296
0,432.932932932933,9.152166960559619,0.2809894707176865,8.713472922270517,0.292402965567461
0,433.4334334334335,9.306923020300273,0.26963263691227435,8.86856573064891,0.27808072115369425
0,433.933933933934,9.462261302005775,0.2594796873279998,9.024430068252224,0.26523468978801257
0,434.4344344344345,9.618103457020071,0.25043569698026913,9.180977948518745,0.2537328668751439
0,434.934934934935,9.774374735268514,0.24241709612123435,9.338126764200512,0.24345858024230024
0,435.43543543543547,9.931003407233057,0.23535065107644285,9.495798592725233,0.2343089705896544
0,435.93593593593596,10.08792021132098,0.2291725648017906,9.653919545414123,0.22619363615506266
0,436.43643643643645,10.24505782087037,0.22382768914104645,9.81241915528419,0.21903343069748418
0,436.936936936937,10.402350325941006,0.219268841732414,9.971229797049482,0.2127594037642639
0,437.4374374374375,10.55973272461915,0.21545622450335936,10.130286134082633,0.20731188058605557
0,437.937937937938,10.71714041838943,0.21235693245925027,10.289524586035304,0.2026396603321116
0,438.4384384384385,10.874508705495655,0.20994455084836589,10.44888281044895,0.1986993302961382
0,438.938938938939,11.031772267548781,0.20819883412984866,10.608299194236249,0.19545468331504107
0,439.43943943943947,11.188864642840157,0.20710546718107506,10.767712349017557,0.1928762393748972
0,439.93993993993996,11.345717680028084,0.20665590103807224,10.92706060291874,0.19094085374832714
0,440.44044044044045,11.502260964973164,0.20684726601526618,11.086281483265289,0.1896314159011261
0,440.940940940941,11.658421214601825,0.20768235963892615,11.245311184642784,0.18893663071101605
0,441.4414414414415,11.814121628996038,0.2091697110469705,11.404084014328003,0.18885088119838375
0,441.941941941942,11.969281192730296,0.2113237234342084,11.562531807756768,0.18937417031637252
0,442.4424424424425,12.123813917205798,0.21416489766929717,11.720583307056033,0.19051214228012678
0,442.942942942943,12.277628011704305,0.2177201422767284,11.878163492378059,0.19227618469553065
0,443.44344344344347,12.430624973526058,0.22202317459212445,12.035192858537494,0.19468361349315144
0,443.94394394394396,12.582698581507195,0.2271150220216233,12.191586623970922,0.1977579453811436
0,444.44444444444446,12.73373378008605,0.2330446319315676,12.347253861697494,0.20152926322252104
0,444.944944944945,12.883605438819277,0.23986959996403553,12.502096540451419,0.20603468053694166
0,445.4454454454455,13.032176971441281,0.24765702845633433,12.656008463308961,0.21131891340073158
0,445.945945945946,13.1792987721087,0.2564845455588788,12.8088740667595,0.21743498113698612
0,446.4464464464465,13.324806492254783,0.266441469820746,12.960567105020404,0.22444502616195147
0,446.946946946947,13.468519086536851,0.27763017436384696,13.110949154512966,0.23242129334102635
0,447.4474474474475,13.610236609400214,0.29016766663468185,13.259867924232683,0.2414472819015815
0,447.94794794794797,13.749737777239151,0.3041873735221099,13.407155391446496,0.2516190614001095
0,448.4484484484485,13.886777180077669,0.31984123070137777,13.552625644737113,0.2630468388954788
0,448.948948948949,14.021082185604774,0.33730203652412566,13.69607249384745,0.27585673472076755
0,449.4494494494495,14.152349459369802,0.35676614213830077,13.837266760714106,0.29019283894068754
0,449.94994994995,14.280241045361093,0.37845653298473136,13.97595318480858,0.3062196086560879
0,450.4504504504505,14.404380009614663,0.4026262849259061,14.11184699529237,0.32412455601184476
0,450.950950950951,14.52434558488616,0.42956248228580496,14.244629988060261,0.344121385614665
0,451.4514514514515,14.639667758146619,0.45959062953052776,14.373946131354042,0.36645354909109695
0,451.95195195195197,14.749821272498613,0.4930795913431536,14.499396640444361,0.39139827626206525
0,452.4524524524525,14.854219148671264,0.5304470049112398,14.620534443097162,0.4192711833849005
0,452.952952952953,14.952205501128496,0.5721653354951457,14.736857997063485,0.45043146621082153
0,453.4534534534535,15.043047860141387,0.6187684044481105,14.847804466226671,0.48528769680891204
0,453.953953953954,15.125928885380965,0.6708585194502887,14.952742121366722,0.5243043590544146
0,454.4544544544545,15.19993792123073,0.7291137866774082,15.050962095957562,0.5680090312518223
0,454.954954954955,15.264062211733815,0.7942957766067607,15.141669397094923,0.6170002950016933
0,455.4554554554555,15.317178171367395,0.8672571594010968,15.223973295609062,0.6719562617814038
0,455.955955955956,15.358043246519047,0.9489487889081297,15.296877229261597,0.7336436457624622
0,456.4564564564565,15.385289112858624,1.0404254525382326,15.359268562633284,0.8029270363616332
0,456.956956956957,15.39741624914653,1.142850241150921,15.409908188065632,0.8807783442203438
0,457.4574574574575,15.392792008902157,1.2574951789668907,15.447421012939968,0.9682854533753742
0,457.957957957958,15.369652731531163,1.3857375414164164,15.470287641032435,1.066659660858352
0,458.4584584584585,15.326111921138555,1.5290493826990346,15.476838446811797,1.1772406282112455
0,458.958958958959,15.260176486011858,1.6889778414866776,15.465251343248688,1.3014973529319471
0,459.4594594594595,15.169773531017976,1.8671131231154556,15.433555005412298,1.4410230956342798
0,459.95995995996,15.052790199645912,2.0650406654073934,15.379639691558154,1.5975215970910377
0,460.4604604604605,14.907129477560279,2.2842735453028165,15.301278424766908,1.7727810871667655
0,460.960960960961,14.730784312943628,2.526161566485144,15.196161459218839,1.9686322041250512
0,461.4614614614615,14.521931940447155,2.791773866843238,15.06194760410473,2.1868848291407357
0,461.961961961962,14.279048760966162,3.0817539254661623,14.896335801722842,2.429238900966548
0,462.4624624624625,14.001043829097487,3.396148911890946,14.697159865037921,2.697164540727984
0,462.962962962963,13.687405991706708,3.7342198147224988,14.462508301134834,2.991748016549824
0,463.4634634634635,13.338355404460417,4.094245405542729,14.190868706229606,3.313503275845628
0,463.963963963964,12.954986334731881,4.473339349201525,13.881293159571236,3.6621532667999372
0,464.4644644644645,12.539383486870761,4.867307750544026,13.533576097698857,4.036392828874144
0,464.964964964965,12.094692329869947,5.270577854869112,13.1484309448871,4.433653436171214
0,465.4654654654655,11.625123972991354,5.676229478831504,12.72764593475888,4.849900052458769
0,465.965965965966,11.135879804120677,6.076153394782781,12.274195294095353,5.279498154937538
0,466.4664664664665,10.63298981408043,6.461346866821302,11.792280616210798,5.715192304385601
0,466.966966966967,10.123070572731779,6.822335965543889,11.28728066374747,6.148232771094583
0,467.4674674674675,9.613021939794729,7.149691653677786,10.765596960266773,6.568671805375232
0,467.96796796796804,9.109692885550766,7.4345868039536755,10.234396897310756,6.965826483701266
0,468.46846846846853,8.619552827060998,7.6693306761462,9.701273165618378,7.328874977320295
0,468.968968968969,8.14840416869836,7.847818835126125,9.173854088081399,7.6475248694996285
0,469.4694694694695,7.701164264486383,7.965850149145774,8.659409504952748,7.912673966316771
0,469.96996996997,7.281732976319521,8.021284446868588,8.164498192865015,8.116981768358091
0,470.4704704704705,6.892948235897477,8.01403939142,7.694694925531524,8.255284470765869
0,470.970970970971,6.536620066597727,7.945946627892568,7.254420196485957,8.324814428056122
0,471.4714714714715,6.2136253602486216,7.820501639706094,6.846877940566097,8.325217836063944
0,471.97197197197204,5.924042148910024,7.642547563758043,6.474090573397792,8.258393889036936
0,472.47247247247253,5.667302624166819,7.417931558570195,6.137009590926924,8.128198706367817
0,472.972972972973,5.4423475251717655,7.153165515855758,5.835674856214225,7.9400660051058525
0,473.4734734734735,5.247769302509106,6.855113715807522,5.569396460345608,7.700594128153513
0,473.973973973974,5.081936333572607,6.530720925359937,5.336937399048789,7.417140042904298
0,474.4744744744745,4.94309469376093,6.186786760960409,5.136681522130629,7.097448696308233
0,474.974974974975,4.829447171808981,5.829786574153961,4.966777519396652,6.749334039957407
0,475.4754754754755,4.739211351199285,5.465735612627335,4.82525515545346,6.380417905935692
0,475.97597597597604,4.670659698148346,5.100091598147335,4.710113856250341,5.997925990368493
0,476.47647647647653,4.622145054498756,4.737690407555794,4.619386282486283,5.608535998205517
0,476.976976976977,4.5921148918672445,4.382709854327704,4.5511807714174015,5.21827124367837
0,477.4774774774775,4.579117353273386,4.038657241762016,4.503707056887814,4.832432596098767
0,477.977977977978,4.581801633370094,3.708376992025453,4.475289300891542,4.45556265383917
0,478.4784784784785,4.598914746941166,3.3940751979127093,4.464370170625822,4.0914367177706366
0,478.978978978979,4.629296238574928,3.0973582234736305,4.46950892988813,3.7430763290127693
0,479.4794794794795,4.671871953266698,2.8192825832998105,4.489375920885797,3.4127817200882524
0,479.97997997998004,4.725647620543204,2.56041329521252,4.522745169349608,3.1021799459364323
0,480.48048048048054,4.7897027186323795,2.320887842660803,4.568486343834899,2.812285523861129
0,480.98098098098103,4.863184868691845,2.1004828865123595,4.6255568658035235,2.5435703319155496
0,481.4814814814815,4.945304807121647,1.8986809759069578,4.692994550994287,2.296039398108222
0,481.981981981982,5.035331982827089,1.7147348147493762,4.769911094073681,2.069309148200112
0,482.4824824824825,5.1325906539472665,1.5477270325624943,4.855486339105646,1.8626848986273237
0,482.982982982983,5.236456416428795,1.396623940528667,4.9489633198000265,1.6752346948463577
0,483.48348348348355,5.346353050231874,1.2603222790003328,5.049643921616126,1.5058571453945997
0,483.98398398398405,5.461749599218951,1.1376885200038342,5.156885037874938,1.3533415612225332
0,484.48448448448454,5.582157613709245,1.0275907477455164,5.27009508641043,1.216419406206612
0,484.98498498498503,5.707128506360712,0.9289235111167622,5.388730780148514,1.0938067218543546
0,485.4854854854855,5.836250990692474,0.8406263044456055,5.512294071130202,0.9842377424682325
0,485.985985985986,5.969148587036756,0.7616964898859677,5.6403292132890845,0.8864903368613045
0,486.4864864864865,6.105477192632031,0.6911975417289169,5.772419913861244,0.7994041944738405
0,486.986986986987,6.244922720326321,0.6282634859989258,5.908186561265364,0.7218928213492681
0,487.48748748748756,6.387198814365992,0.5721003517244563,6.0472835291789915,0.6529504422191366
0,487.98798798798805,6.532044654032348,0.5219853641011315,6.189396565710453,0.5916548743662816
0,488.48848848848854,6.679222855363375,0.47726450520336033,6.33424027933847,0.5371673321480233
0,488.98898898898904,6.8285174787699425,0.43734896420180064,6.481555733254287,0.4887299979382455
0,489.48948948948953,6.979732149560782,0.4017108697221322,6.63110816128775,0.44566204178103386
0,489.98998998999,7.132688296748775,0.3698786609476095,6.782684812358294,0.4073546618927907
0,490.4904904904905,7.287223509053466,0.3414323166749208,6.936092930446488,0.37326558062647425
0,490.990990990991,7.443190009205861,0.31599863586024385,7.091157872283382,0.3429133323815325
0,491.49149149149156,7.600453243558472,0.29324668160225625,7.247721362930236,0.31587157016653195
0,491.99199199199205,7.75889058378156,0.2728834759068589,7.405639887382959,0.2917635650553452
0,492.49249249249254,7.918390133101575,0.25464999007362876,7.564783211977465,0.27025700206568615
0,492.99299299299304,8.078849634135604,0.23831746428076722,7.725033031945636,0.25105915126833117
0,493.49349349349353,8.240175469423425,0.22368405438565966,7.886281736375846,0.2339124333057531
0,493.993993993994,8.402281748503963,0.21057180391446956,8.048431283306723,0.21859039317548798
0,494.4944944944945,8.565089474620418,0.19882392823218947,8.211392176853176,0.20489407612549418
0,494.994994994995,8.728525783838354,0.1883023918038497,8.375082537950933,0.19264878734660318
0,495.49549549549556,8.892523249820767,0.17888575814636323,8.539427260563256,0.18170121334287537
0,495.99599599599605,9.057019247459662,0.17046728981656445,8.7043572450008,0.17191687740290862
0,496.49649649649655,9.221955369018282,0.1629532700861363,8.869808700383196,0.16317788800918337
0,496.99699699699704,9.387276887303207,0.15626153537939352,9.035722510369695,0.15538097360372677
0,497.49749749749753,9.552932259086298,0.15032018824373872,9.20204365310067,0.14843575732655348
0,497.997997997998,9.718872663799123,0.14506647516163887,9.368720669580048,0.14226325088955669
0,498.4984984984985,9.885051572565272,0.14044581330795575,9.5357051748341,0.1367945471554623
0,498.99899899899907,10.051424341894014,0.13641094728931596,9.70295140502255,0.1319696838746192
0,499.49949949949956,10.21794782785579,0.13292122457301686,9.870415795894697,0.12773666258160907
0,500.0,10.384580015768348,0.1299419770924476,10.038056586616582,0.1240506048901469
