system,min_denom,qmax,seed,exact,runtime_s
circle,1,2,0,True,0.0107889639984932
circle,1,2,1,True,0.0085939659984433
circle,1,2,2,True,0.0080878199987637
circle,1,2,3,True,0.0080255880020558
circle,1,2,4,True,0.0080102520005311
circle,1,2,5,True,0.0100206919996708
circle,1,2,6,True,0.0086848469982214
circle,1,2,7,True,0.0080683000014687
circle,1,2,8,True,0.0086631179983669
circle,1,2,9,True,0.0076642489984806
circle,1,2,10,True,0.008084499000688
circle,1,2,11,True,0.0081695439985196
circle,1,2,12,True,0.008114881999063
circle,1,2,13,True,0.0079479009982605
circle,1,2,14,True,0.00772945800054
circle,1,2,15,True,0.0080225509991578
circle,1,2,16,True,0.0082088239978475
circle,1,2,17,True,0.008057628001552
circle,1,2,18,True,0.0079574820010748
circle,1,2,19,True,0.0080112070027098
circle,1,2,20,True,0.0080604899994796
circle,1,2,21,True,0.0082575769993127
circle,1,2,22,True,0.0079817599980742
circle,1,2,23,True,0.0080170330002147
circle,1,2,24,True,0.0078288690019689
circle,1,2,25,True,0.008030498996959
circle,1,2,26,True,0.0083248150003782
circle,1,2,27,True,0.0081840080019901
circle,1,2,28,True,0.0079128799989121
circle,1,2,29,True,0.0078125930012902
circle,1,4,0,True,0.0078378500002145
circle,1,4,1,True,0.0079087060003075
circle,1,4,2,True,0.0080257900008291
circle,1,4,3,True,0.0081848259978869
circle,1,4,4,True,0.0079282119986601
circle,1,4,5,True,0.0078849570018064
circle,1,4,6,True,0.0078189409978222
circle,1,4,7,True,0.0082093099990743
circle,1,4,8,True,0.0079456389976257
circle,1,4,9,True,0.0085610509995603
circle,1,4,10,True,0.0079482610017294
circle,1,4,11,True,0.0079881790006766
circle,1,4,12,True,0.0080043070011015
circle,1,4,13,True,0.0078579999972134
circle,1,4,14,True,0.0076849040015076
circle,1,4,15,True,0.0084477090022119
circle,1,4,16,True,0.0081453610000608
circle,1,4,17,True,0.0079672610008856
circle,1,4,18,True,0.0077219199993123
circle,1,4,19,True,0.0077224829983606
circle,1,4,20,True,0.0080694960015534
circle,1,4,21,True,0.0081336900002497
circle,1,4,22,True,0.0083041049983876
circle,1,4,23,True,0.0079453809994447
circle,1,4,24,True,0.007948344999022
circle,1,4,25,True,0.0080363499982922
circle,1,4,26,True,0.00785682300193
circle,1,4,27,True,0.008903226997063
circle,1,4,28,True,0.0081566600019868
circle,1,4,29,True,0.0078892970013839
circle,1,8,0,True,0.0080561939976178
circle,1,8,1,True,0.0081283889994665
circle,1,8,2,True,0.0079639969990239
circle,1,8,3,True,0.008178695999959
circle,1,8,4,True,0.0080289399993489
circle,1,8,5,True,0.0082085689973609
circle,1,8,6,True,0.0079241649982577
circle,1,8,7,True,0.0080491449989494
circle,1,8,8,True,0.0080027779986266
circle,1,8,9,True,0.0080837380010052
circle,1,8,10,True,0.0084165730004315
circle,1,8,11,True,0.0079789980009081
circle,1,8,12,True,0.0081037319978349
circle,1,8,13,True,0.0079327269995701
circle,1,8,14,True,0.0080627000024833
circle,1,8,15,True,0.0081839949998538
circle,1,8,16,True,0.0080061230000865
circle,1,8,17,True,0.0079023710022738
circle,1,8,18,True,0.0091102839978702
circle,1,8,19,True,0.0082004939977196
circle,1,8,20,True,0.0082736410004145
circle,1,8,21,True,0.0080969190021278
circle,1,8,22,True,0.0080984420019376
circle,1,8,23,True,0.007888477997767
circle,1,8,24,True,0.0079757250023249
circle,1,8,25,True,0.008012313999643
circle,1,8,26,True,0.0080664189990784
circle,1,8,27,True,0.0083519840009103
circle,1,8,28,True,0.0080791340005816
circle,1,8,29,True,0.0077123769988247
circle,1,16,0,True,0.0081574239993642
circle,1,16,1,True,0.0081966440011456
circle,1,16,2,True,0.0080959799997799
circle,1,16,3,True,0.0081707310018828
circle,1,16,4,True,0.0080326480019721
circle,1,16,5,True,0.0082223140016139
circle,1,16,6,True,0.0079895870003383
circle,1,16,7,True,0.0081288990004395
circle,1,16,8,True,0.0080726929991215
circle,1,16,9,True,0.0080987639994418
circle,1,16,10,True,0.0103383370005758
circle,1,16,11,True,0.0083138699992559
circle,1,16,12,True,0.0080930900003295
circle,1,16,13,True,0.0081082460019388
circle,1,16,14,True,0.0080995300013455
circle,1,16,15,True,0.0081499440020706
circle,1,16,16,True,0.0083392970009299
circle,1,16,17,True,0.0085279739978432
circle,1,16,18,True,0.0079057399998418
circle,1,16,19,True,0.0080644390000088
circle,1,16,20,True,0.008288551998703
circle,1,16,21,True,0.0083610420006152
circle,1,16,22,True,0.008269416000985
circle,1,16,23,True,0.008234392000304
circle,1,16,24,True,0.0080314599981647
circle,1,16,25,True,0.0079828419984551
circle,1,16,26,True,0.0080730059999041
circle,1,16,27,True,0.0082303529998171
circle,1,16,28,True,0.0084199709999666
circle,1,16,29,True,0.0080904450005618
circle,1,32,0,True,0.0083477209991542
circle,1,32,1,True,0.0084644700000353
circle,1,32,2,True,0.0084060359986324
circle,1,32,3,True,0.0086358150001615
circle,1,32,4,True,0.0084685670008184
circle,1,32,5,True,0.0083628460015461
circle,1,32,6,True,0.0084196629977668
circle,1,32,7,True,0.0084145900000294
circle,1,32,8,True,0.0086652659992978
circle,1,32,9,True,0.0084346000003279
circle,1,32,10,True,0.0091093770024599
circle,1,32,11,True,0.0082726149994414
circle,1,32,12,True,0.008369107999897
circle,1,32,13,True,0.0081781560002127
circle,1,32,14,True,0.0083304659965506
circle,1,32,15,True,0.0084037380001973
circle,1,32,16,True,0.0083453320003172
circle,1,32,17,True,0.0086744690015621
circle,1,32,18,True,0.0082216590017196
circle,1,32,19,True,0.0086295740002242
circle,1,32,20,True,0.0096786150024854
circle,1,32,21,True,0.0084942320027039
circle,1,32,22,True,0.0087172589992405
circle,1,32,23,True,0.0085112990018387
circle,1,32,24,True,0.0083751599995594
circle,1,32,25,True,0.0085431549996428
circle,1,32,26,True,0.008530344999599
circle,1,32,27,True,0.0085336299998743
circle,1,32,28,True,0.0085386620012286
circle,1,32,29,True,0.0083011470014753
circle,1,64,0,True,0.0088092389996745
circle,1,64,1,True,0.0088536479997856
circle,1,64,2,True,0.009312491001765
circle,1,64,3,True,0.0092474599987326
circle,1,64,4,True,0.0095992610004032
circle,1,64,5,True,0.0092311859989422
circle,1,64,6,True,0.0089387539992458
circle,1,64,7,True,0.0088913289982883
circle,1,64,8,True,0.0092468710026878
circle,1,64,9,True,0.0093416329982574
circle,1,64,10,True,0.0091740999996545
circle,1,64,11,True,0.0091943499974149
circle,1,64,12,True,0.0090900549985235
circle,1,64,13,True,0.0089240730012534
circle,1,64,14,True,0.0090195279990439
circle,1,64,15,True,0.0096549259978928
circle,1,64,16,True,0.0092529039975488
circle,1,64,17,True,0.0090094570005021
circle,1,64,18,True,0.0093420560006052
circle,1,64,19,True,0.0088832230030675
circle,1,64,20,True,0.0093341700012388
circle,1,64,21,True,0.009585160001734
circle,1,64,22,True,0.0099822970005334
circle,1,64,23,True,0.0112854090002656
circle,1,64,24,True,0.0089616080003906
circle,1,64,25,True,0.0090961630012316
circle,1,64,26,True,0.0094637939982931
circle,1,64,27,True,0.0091937159995723
circle,1,64,28,True,0.0089305020010215
circle,1,64,29,True,0.0087878199992701
ellipse_357,7,2,0,False,0.113988444001734
ellipse_357,7,2,1,False,0.0054969289994915
ellipse_357,7,2,2,False,0.0056935020002129
ellipse_357,7,2,3,False,0.0054855079979461
ellipse_357,7,2,4,False,0.0054155830002855
ellipse_357,7,2,5,False,0.0054388019998441
ellipse_357,7,2,6,False,0.0054363519993785
ellipse_357,7,2,7,False,0.0054171849988051
ellipse_357,7,2,8,False,0.0054625829980068
ellipse_357,7,2,9,False,0.0053976630006218
ellipse_357,7,2,10,False,0.0055340009967039
ellipse_357,7,2,11,False,0.0054394840008171
ellipse_357,7,2,12,False,0.0055031669980962
ellipse_357,7,2,13,False,0.0059498800001165
ellipse_357,7,2,14,False,0.0054047209996497
ellipse_357,7,2,15,False,0.0053847589988436
ellipse_357,7,2,16,False,0.0053444769982888
ellipse_357,7,2,17,False,0.0054251729998213
ellipse_357,7,2,18,False,0.0056499610000173
ellipse_357,7,2,19,False,0.0054644129995722
ellipse_357,7,2,20,False,0.0054047640005592
ellipse_357,7,2,21,False,0.0053671269997721
ellipse_357,7,2,22,False,0.0068116710026515
ellipse_357,7,2,23,False,0.0055832079997344
ellipse_357,7,2,24,False,0.0110564169990539
ellipse_357,7,2,25,False,0.0055930230009835
ellipse_357,7,2,26,False,0.0054101960013213
ellipse_357,7,2,27,False,0.0054554880007344
ellipse_357,7,2,28,False,0.0055407139989256
ellipse_357,7,2,29,False,0.0055264080001506
ellipse_357,7,4,0,False,0.0054776940014562
ellipse_357,7,4,1,False,0.0054317799986165
ellipse_357,7,4,2,False,0.0055840999993961
ellipse_357,7,4,3,False,0.0055197000001498
ellipse_357,7,4,4,False,0.0056018299983406
ellipse_357,7,4,5,False,0.0054520810008398
ellipse_357,7,4,6,False,0.0053968399988661
ellipse_357,7,4,7,False,0.0054145789981703
ellipse_357,7,4,8,False,0.0055160070005513
ellipse_357,7,4,9,False,0.0055658480014244
ellipse_357,7,4,10,False,0.0056530629990447
ellipse_357,7,4,11,False,0.0054746589994465
ellipse_357,7,4,12,False,0.0054857430004631
ellipse_357,7,4,13,False,0.0055138410025392
ellipse_357,7,4,14,False,0.0054859419979038
ellipse_357,7,4,15,False,0.0054265170001599
ellipse_357,7,4,16,False,0.0055986300030781
ellipse_357,7,4,17,False,0.0055275970007642
ellipse_357,7,4,18,False,0.005483123997692
ellipse_357,7,4,19,False,0.0054893589986022
ellipse_357,7,4,20,False,0.0054416579987446
ellipse_357,7,4,21,False,0.0054741720014135
ellipse_357,7,4,22,False,0.0055186710014822
ellipse_357,7,4,23,False,0.0055497120010841
ellipse_357,7,4,24,False,0.005528765002964
ellipse_357,7,4,25,False,0.0055070760026865
ellipse_357,7,4,26,False,0.0054736900019634
ellipse_357,7,4,27,False,0.0054056890003266
ellipse_357,7,4,28,False,0.0054748590009694
ellipse_357,7,4,29,False,0.005604283996945
ellipse_357,7,8,0,True,0.0377540180015785
ellipse_357,7,8,1,True,0.0337702169999829
ellipse_357,7,8,2,True,0.0338537720017484
ellipse_357,7,8,3,True,0.0344789310001942
ellipse_357,7,8,4,True,0.0338653619983233
ellipse_357,7,8,5,True,0.0338801379984943
ellipse_357,7,8,6,True,0.0338397409977915
ellipse_357,7,8,7,True,0.0336383370013209
ellipse_357,7,8,8,True,0.0338380270004563
ellipse_357,7,8,9,True,0.0336647499971149
ellipse_357,7,8,10,True,0.0339448539998556
ellipse_357,7,8,11,True,0.03393464599867
ellipse_357,7,8,12,True,0.0343289990014454
ellipse_357,7,8,13,True,0.0339400779994321
ellipse_357,7,8,14,True,0.0339581389998784
ellipse_357,7,8,15,True,0.0340359259971592
ellipse_357,7,8,16,True,0.0340428259987675
ellipse_357,7,8,17,True,0.0349741200006974
ellipse_357,7,8,18,True,0.036581987998943
ellipse_357,7,8,19,True,0.0339987400002428
ellipse_357,7,8,20,True,0.0345650230010505
ellipse_357,7,8,21,True,0.0340085059979173
ellipse_357,7,8,22,True,0.0337986199992883
ellipse_357,7,8,23,True,0.0342051890002039
ellipse_357,7,8,24,True,0.0355725889967288
ellipse_357,7,8,25,True,0.0340033379980013
ellipse_357,7,8,26,True,0.0337780619993282
ellipse_357,7,8,27,True,0.0336436849975143
ellipse_357,7,8,28,True,0.0336699859981308
ellipse_357,7,8,29,True,0.0337210569996386
ellipse_357,7,16,0,True,0.0343505540004116
ellipse_357,7,16,1,True,0.0343070859998988
ellipse_357,7,16,2,True,0.0342594520006969
ellipse_357,7,16,3,True,0.0342868789994099
ellipse_357,7,16,4,True,0.0343679170000541
ellipse_357,7,16,5,True,0.0343195470013597
ellipse_357,7,16,6,True,0.0342746749993239
ellipse_357,7,16,7,True,0.034262524000951
ellipse_357,7,16,8,True,0.034262856002897
ellipse_357,7,16,9,True,0.0343452009983593
ellipse_357,7,16,10,True,0.0343436189978092
ellipse_357,7,16,11,True,0.0342132430014316
ellipse_357,7,16,12,True,0.0363730259996373
ellipse_357,7,16,13,True,0.0357210270012728
ellipse_357,7,16,14,True,0.0348565339991182
ellipse_357,7,16,15,True,0.0364326089984388
ellipse_357,7,16,16,True,0.034747857000184
ellipse_357,7,16,17,True,0.0343891159973281
ellipse_357,7,16,18,True,0.0342040159994212
ellipse_357,7,16,19,True,0.0345557940017897
ellipse_357,7,16,20,True,0.0343969009991269
ellipse_357,7,16,21,True,0.0344570710003608
ellipse_357,7,16,22,True,0.0344983059985679
ellipse_357,7,16,23,True,0.0348417470013373
ellipse_357,7,16,24,True,0.0345804619973932
ellipse_357,7,16,25,True,0.0343384979969414
ellipse_357,7,16,26,True,0.0344902210017608
ellipse_357,7,16,27,True,0.0350465769988659
ellipse_357,7,16,28,True,0.0345299019973026
ellipse_357,7,16,29,True,0.0351623179994931
ellipse_357,7,32,0,True,0.0361488130001816
ellipse_357,7,32,1,True,0.0354859620019851
ellipse_357,7,32,2,True,0.035549282998545
ellipse_357,7,32,3,True,0.0363379770024039
ellipse_357,7,32,4,True,0.0355161949992179
ellipse_357,7,32,5,True,0.0358660529964254
ellipse_357,7,32,6,True,0.0354168289995868
ellipse_357,7,32,7,True,0.040311892000318
ellipse_357,7,32,8,True,0.0359035300025425
ellipse_357,7,32,9,True,0.0355783800005156
ellipse_357,7,32,10,True,0.03618100300082
ellipse_357,7,32,11,True,0.0362092219984333
ellipse_357,7,32,12,True,0.0376822799989895
ellipse_357,7,32,13,True,0.0378028429986443
ellipse_357,7,32,14,True,0.0356519470005878
ellipse_357,7,32,15,True,0.0357667040007072
ellipse_357,7,32,16,True,0.0356234640021284
ellipse_357,7,32,17,True,0.0356188069999916
ellipse_357,7,32,18,True,0.0369990599974698
ellipse_357,7,32,19,True,0.0355371000005106
ellipse_357,7,32,20,True,0.0358806140029628
ellipse_357,7,32,21,True,0.0357949389981513
ellipse_357,7,32,22,True,0.0356046089982555
ellipse_357,7,32,23,True,0.0355546700011473
ellipse_357,7,32,24,True,0.0358074089999718
ellipse_357,7,32,25,True,0.0355257900009746
ellipse_357,7,32,26,True,0.0355559340023319
ellipse_357,7,32,27,True,0.0355240919998323
ellipse_357,7,32,28,True,0.0353251609994913
ellipse_357,7,32,29,True,0.0370266700010688
ellipse_357,7,64,0,True,0.0386464559996966
ellipse_357,7,64,1,True,0.0389823119985521
ellipse_357,7,64,2,True,0.0377988919972267
ellipse_357,7,64,3,True,0.038490962000651
ellipse_357,7,64,4,True,0.0375942169994232
ellipse_357,7,64,5,True,0.038152376000653
ellipse_357,7,64,6,True,0.0381086159977712
ellipse_357,7,64,7,True,0.0379587179995724
ellipse_357,7,64,8,True,0.0376764249995176
ellipse_357,7,64,9,True,0.0376105550021748
ellipse_357,7,64,10,True,0.0379915759986033
ellipse_357,7,64,11,True,0.0376854269998148
ellipse_357,7,64,12,True,0.0379843400005484
ellipse_357,7,64,13,True,0.0375488580029923
ellipse_357,7,64,14,True,0.0375208879995625
ellipse_357,7,64,15,True,0.0377163990015105
ellipse_357,7,64,16,True,0.0374957109997922
ellipse_357,7,64,17,True,0.0376589599982253
ellipse_357,7,64,18,True,0.0379108319975785
ellipse_357,7,64,19,True,0.0376883579992863
ellipse_357,7,64,20,True,0.038825027000712
ellipse_357,7,64,21,True,0.0376623480005946
ellipse_357,7,64,22,True,0.0376632159968721
ellipse_357,7,64,23,True,0.0378375869986484
ellipse_357,7,64,24,True,0.0380268529988825
ellipse_357,7,64,25,True,0.0380260750025627
ellipse_357,7,64,26,True,0.0376271080021979
ellipse_357,7,64,27,True,0.0380611959990346
ellipse_357,7,64,28,True,0.037812421000126
ellipse_357,7,64,29,True,0.0381749279986252
ellipse_5711,11,2,0,False,0.0055832649995863
ellipse_5711,11,2,1,False,0.0052211900001566
ellipse_5711,11,2,2,False,0.0051333150004211
ellipse_5711,11,2,3,False,0.0052302740004961
ellipse_5711,11,2,4,False,0.0051866089997929
ellipse_5711,11,2,5,False,0.0051305579981999
ellipse_5711,11,2,6,False,0.0052075059975322
ellipse_5711,11,2,7,False,0.005132312002388
ellipse_5711,11,2,8,False,0.0051617769968288
ellipse_5711,11,2,9,False,0.0052064439987589
ellipse_5711,11,2,10,False,0.005249719000858
ellipse_5711,11,2,11,False,0.0052289939994807
ellipse_5711,11,2,12,False,0.0052697510000143
ellipse_5711,11,2,13,False,0.0052840690004813
ellipse_5711,11,2,14,False,0.0051437740003166
ellipse_5711,11,2,15,False,0.005324597001163
ellipse_5711,11,2,16,False,0.0051976520007883
ellipse_5711,11,2,17,False,0.0051549240015447
ellipse_5711,11,2,18,False,0.0052358530010678
ellipse_5711,11,2,19,False,0.0052432869997574
ellipse_5711,11,2,20,False,0.0050765429987222
ellipse_5711,11,2,21,False,0.0052008419988851
ellipse_5711,11,2,22,False,0.0053154050001467
ellipse_5711,11,2,23,False,0.0052469129987002
ellipse_5711,11,2,24,False,0.0053195439977571
ellipse_5711,11,2,25,False,0.0052702079992741
ellipse_5711,11,2,26,False,0.0052244460021029
ellipse_5711,11,2,27,False,0.0051502930000424
ellipse_5711,11,2,28,False,0.0054095919986139
ellipse_5711,11,2,29,False,0.0051542619985411
ellipse_5711,11,4,0,False,0.005163960999198
ellipse_5711,11,4,1,False,0.0101094970013946
ellipse_5711,11,4,2,False,0.0053261699977156
ellipse_5711,11,4,3,False,0.0051519469998311
ellipse_5711,11,4,4,False,0.0052881149968015
ellipse_5711,11,4,5,False,0.0054989099990052
ellipse_5711,11,4,6,False,0.0052826440005446
ellipse_5711,11,4,7,False,0.0052278660004958
ellipse_5711,11,4,8,False,0.0052973720012232
ellipse_5711,11,4,9,False,0.005333237000741
ellipse_5711,11,4,10,False,0.0052470990012807
ellipse_5711,11,4,11,False,0.0052223679995222
ellipse_5711,11,4,12,False,0.0051221460016677
ellipse_5711,11,4,13,False,0.0051622040009533
ellipse_5711,11,4,14,False,0.0051584200009529
ellipse_5711,11,4,15,False,0.0057468120030534
ellipse_5711,11,4,16,False,0.0053551769997284
ellipse_5711,11,4,17,False,0.0053154490015003
ellipse_5711,11,4,18,False,0.0052281810021668
ellipse_5711,11,4,19,False,0.0050956399973074
ellipse_5711,11,4,20,False,0.0050578599984874
ellipse_5711,11,4,21,False,0.0052851519976684
ellipse_5711,11,4,22,False,0.005261727998004
ellipse_5711,11,4,23,False,0.0053197490015008
ellipse_5711,11,4,24,False,0.0051354339993849
ellipse_5711,11,4,25,False,0.0052106399998592
ellipse_5711,11,4,26,False,0.0052056019994779
ellipse_5711,11,4,27,False,0.0051587699999799
ellipse_5711,11,4,28,False,0.0051878859994758
ellipse_5711,11,4,29,False,0.0050712490010482
ellipse_5711,11,8,0,False,0.0053179259994067
ellipse_5711,11,8,1,False,0.0053323459978855
ellipse_5711,11,8,2,False,0.0053555999984382
ellipse_5711,11,8,3,False,0.0053573219993268
ellipse_5711,11,8,4,False,0.0053710100000898
ellipse_5711,11,8,5,False,0.0052929150006093
ellipse_5711,11,8,6,False,0.0053648180000891
ellipse_5711,11,8,7,False,0.0054437609978776
ellipse_5711,11,8,8,False,0.0053114010006538
ellipse_5711,11,8,9,False,0.0054305630001181
ellipse_5711,11,8,10,False,0.0053479480011446
ellipse_5711,11,8,11,False,0.0053552030003629
ellipse_5711,11,8,12,False,0.0054049099999247
ellipse_5711,11,8,13,False,0.0054929279976931
ellipse_5711,11,8,14,False,0.0053675050003221
ellipse_5711,11,8,15,False,0.0053958230018906
ellipse_5711,11,8,16,False,0.005344352000975
ellipse_5711,11,8,17,False,0.0054187419991649
ellipse_5711,11,8,18,False,0.005364737000491
ellipse_5711,11,8,19,False,0.0053837800005567
ellipse_5711,11,8,20,False,0.0052804240003752
ellipse_5711,11,8,21,False,0.0054516050004167
ellipse_5711,11,8,22,False,0.0053785990021424
ellipse_5711,11,8,23,False,0.0054664599992975
ellipse_5711,11,8,24,False,0.0053461099996638
ellipse_5711,11,8,25,False,0.0054117249965202
ellipse_5711,11,8,26,False,0.0053838240019103
ellipse_5711,11,8,27,False,0.0052999679974163
ellipse_5711,11,8,28,False,0.0053600560022459
ellipse_5711,11,8,29,False,0.0053735039982711
ellipse_5711,11,16,0,True,0.0370104859975981
ellipse_5711,11,16,1,True,0.0340093570011958
ellipse_5711,11,16,2,True,0.0340827430009085
ellipse_5711,11,16,3,True,0.0339893739983381
ellipse_5711,11,16,4,True,0.0363327019986172
ellipse_5711,11,16,5,True,0.0340005670004757
ellipse_5711,11,16,6,True,0.0340257809984905
ellipse_5711,11,16,7,True,0.035545742000977
ellipse_5711,11,16,8,True,0.0340774760006752
ellipse_5711,11,16,9,True,0.0354602539991901
ellipse_5711,11,16,10,True,0.0349505569975008
ellipse_5711,11,16,11,True,0.0365746479983499
ellipse_5711,11,16,12,True,0.0352392200002213
ellipse_5711,11,16,13,True,0.0363821179998922
ellipse_5711,11,16,14,True,0.0342276240007777
ellipse_5711,11,16,15,True,0.0348562340004718
ellipse_5711,11,16,16,True,0.0342211410024901
ellipse_5711,11,16,17,True,0.0342032339976867
ellipse_5711,11,16,18,True,0.0344448690011631
ellipse_5711,11,16,19,True,0.036058083998796
ellipse_5711,11,16,20,True,0.0341603699998813
ellipse_5711,11,16,21,True,0.0344350520026637
ellipse_5711,11,16,22,True,0.0342603669996606
ellipse_5711,11,16,23,True,0.0342852559988386
ellipse_5711,11,16,24,True,0.0344315209986234
ellipse_5711,11,16,25,True,0.0343984409992117
ellipse_5711,11,16,26,True,0.0341517460001341
ellipse_5711,11,16,27,True,0.0349034269966068
ellipse_5711,11,16,28,True,0.0359048290010832
ellipse_5711,11,16,29,True,0.033856805999676
ellipse_5711,11,32,0,True,0.0350423070012766
ellipse_5711,11,32,1,True,0.035157356000127
ellipse_5711,11,32,2,True,0.0364995720010483
ellipse_5711,11,32,3,True,0.0351182539998262
ellipse_5711,11,32,4,True,0.0385353009987738
ellipse_5711,11,32,5,True,0.035319997001352
ellipse_5711,11,32,6,True,0.0356438849994447
ellipse_5711,11,32,7,True,0.0354843629975221
ellipse_5711,11,32,8,True,0.0352652799992938
ellipse_5711,11,32,9,True,0.0353242410019447
ellipse_5711,11,32,10,True,0.0370373879995895
ellipse_5711,11,32,11,True,0.0353309079982864
ellipse_5711,11,32,12,True,0.0353876180015504
ellipse_5711,11,32,13,True,0.0353912229984416
ellipse_5711,11,32,14,True,0.0352957610011799
ellipse_5711,11,32,15,True,0.0353169710033398
ellipse_5711,11,32,16,True,0.035046485998464
ellipse_5711,11,32,17,True,0.0349757900003169
ellipse_5711,11,32,18,True,0.0351034300001629
ellipse_5711,11,32,19,True,0.0349877389999164
ellipse_5711,11,32,20,True,0.0367980199989688
ellipse_5711,11,32,21,True,0.0360297219995118
ellipse_5711,11,32,22,True,0.0356313539996335
ellipse_5711,11,32,23,True,0.0363239510006678
ellipse_5711,11,32,24,True,0.0352743229996121
ellipse_5711,11,32,25,True,0.0349187860010715
ellipse_5711,11,32,26,True,0.0351280280010541
ellipse_5711,11,32,27,True,0.0352205899980617
ellipse_5711,11,32,28,True,0.0366215569993073
ellipse_5711,11,32,29,True,0.0353711570023733
ellipse_5711,11,64,0,True,0.0375030919967684
ellipse_5711,11,64,1,True,0.0374824790014827
ellipse_5711,11,64,2,True,0.0376239659999555
ellipse_5711,11,64,3,True,0.0374664390001271
ellipse_5711,11,64,4,True,0.0378122850015643
ellipse_5711,11,64,5,True,0.0374723079985415
ellipse_5711,11,64,6,True,0.0377101819976815
ellipse_5711,11,64,7,True,0.0376170900017314
ellipse_5711,11,64,8,True,0.0373013329990499
ellipse_5711,11,64,9,True,0.037536956002441
ellipse_5711,11,64,10,True,0.0378941710005165
ellipse_5711,11,64,11,True,0.0389927169999282
ellipse_5711,11,64,12,True,0.0375874910023412
ellipse_5711,11,64,13,True,0.0377013049983361
ellipse_5711,11,64,14,True,0.0375272300007054
ellipse_5711,11,64,15,True,0.0386769809992983
ellipse_5711,11,64,16,True,0.0377460580020851
ellipse_5711,11,64,17,True,0.0375125770005979
ellipse_5711,11,64,18,True,0.0377068820016575
ellipse_5711,11,64,19,True,0.0399744379974436
ellipse_5711,11,64,20,True,0.0379254030012816
ellipse_5711,11,64,21,True,0.0377651700000569
ellipse_5711,11,64,22,True,0.0377363670013437
ellipse_5711,11,64,23,True,0.0378063659991312
ellipse_5711,11,64,24,True,0.0375331510003889
ellipse_5711,11,64,25,True,0.0375668619999487
ellipse_5711,11,64,26,True,0.0375467259982542
ellipse_5711,11,64,27,True,0.0378335550012707
ellipse_5711,11,64,28,True,0.0376835669994761
ellipse_5711,11,64,29,True,0.0380175309983314
ellipse_71113,13,2,0,False,0.0057523420000507
ellipse_71113,13,2,1,False,0.0055370000009133
ellipse_71113,13,2,2,False,0.0055877260019769
ellipse_71113,13,2,3,False,0.0056369890007772
ellipse_71113,13,2,4,False,0.0055256160012504
ellipse_71113,13,2,5,False,0.0054758779988333
ellipse_71113,13,2,6,False,0.0055184709999593
ellipse_71113,13,2,7,False,0.0056677280008443
ellipse_71113,13,2,8,False,0.0054847159990458
ellipse_71113,13,2,9,False,0.005601212997135
ellipse_71113,13,2,10,False,0.0054885859972273
ellipse_71113,13,2,11,False,0.0054517979988304
ellipse_71113,13,2,12,False,0.0055143940007837
ellipse_71113,13,2,13,False,0.0055312949989456
ellipse_71113,13,2,14,False,0.0054727989991079
ellipse_71113,13,2,15,False,0.005465895999805
ellipse_71113,13,2,16,False,0.005618664999929
ellipse_71113,13,2,17,False,0.0055209520032803
ellipse_71113,13,2,18,False,0.0055507860015495
ellipse_71113,13,2,19,False,0.0055115260001912
ellipse_71113,13,2,20,False,0.0054255729992291
ellipse_71113,13,2,21,False,0.0056454770019627
ellipse_71113,13,2,22,False,0.0056166129979828
ellipse_71113,13,2,23,False,0.0054398009997385
ellipse_71113,13,2,24,False,0.0054093420003482
ellipse_71113,13,2,25,False,0.0054608609971182
ellipse_71113,13,2,26,False,0.0055083639999793
ellipse_71113,13,2,27,False,0.0054784579988336
ellipse_71113,13,2,28,False,0.0054271220033115
ellipse_71113,13,2,29,False,0.0055137210001703
ellipse_71113,13,4,0,False,0.0055604849985684
ellipse_71113,13,4,1,False,0.0056203950007329
ellipse_71113,13,4,2,False,0.0055932850009412
ellipse_71113,13,4,3,False,0.0059604530033539
ellipse_71113,13,4,4,False,0.0055797370005166
ellipse_71113,13,4,5,False,0.0055731600004946
ellipse_71113,13,4,6,False,0.0056572719986434
ellipse_71113,13,4,7,False,0.005699473000277
ellipse_71113,13,4,8,False,0.005622309003229
ellipse_71113,13,4,9,False,0.0059365950000938
ellipse_71113,13,4,10,False,0.0055227379998541
ellipse_71113,13,4,11,False,0.0055296950013143
ellipse_71113,13,4,12,False,0.0056222899984277
ellipse_71113,13,4,13,False,0.005605161000858
ellipse_71113,13,4,14,False,0.0055302759974438
ellipse_71113,13,4,15,False,0.0056142290013667
ellipse_71113,13,4,16,False,0.0056020470001385
ellipse_71113,13,4,17,False,0.0056484980013919
ellipse_71113,13,4,18,False,0.0055738310002197
ellipse_71113,13,4,19,False,0.0055977800002438
ellipse_71113,13,4,20,False,0.0056020640004135
ellipse_71113,13,4,21,False,0.0055706329985696
ellipse_71113,13,4,22,False,0.0055443999990529
ellipse_71113,13,4,23,False,0.005569507000473
ellipse_71113,13,4,24,False,0.0056450219999533
ellipse_71113,13,4,25,False,0.0056223890023829
ellipse_71113,13,4,26,False,0.0056442830027663
ellipse_71113,13,4,27,False,0.0059742720004578
ellipse_71113,13,4,28,False,0.0055141430020739
ellipse_71113,13,4,29,False,0.0056226550004794
ellipse_71113,13,8,0,False,0.0057079329999396
ellipse_71113,13,8,1,False,0.0058236400000168
ellipse_71113,13,8,2,False,0.0056259099983435
ellipse_71113,13,8,3,False,0.0056839469980332
ellipse_71113,13,8,4,False,0.0057968130022345
ellipse_71113,13,8,5,False,0.0058030809996125
ellipse_71113,13,8,6,False,0.005701398000383
ellipse_71113,13,8,7,False,0.0056827989974408
ellipse_71113,13,8,8,False,0.0057017270009964
ellipse_71113,13,8,9,False,0.005731443001423
ellipse_71113,13,8,10,False,0.0056568350009911
ellipse_71113,13,8,11,False,0.0057527179997123
ellipse_71113,13,8,12,False,0.0055747869992046
ellipse_71113,13,8,13,False,0.0056219580001197
ellipse_71113,13,8,14,False,0.0057712599991646
ellipse_71113,13,8,15,False,0.0057067739980993
ellipse_71113,13,8,16,False,0.0057381070000701
ellipse_71113,13,8,17,False,0.0056963509996421
ellipse_71113,13,8,18,False,0.0056298370000149
ellipse_71113,13,8,19,False,0.0056654500003787
ellipse_71113,13,8,20,False,0.0058145980001427
ellipse_71113,13,8,21,False,0.0057985780003946
ellipse_71113,13,8,22,False,0.0057090740010607
ellipse_71113,13,8,23,False,0.0056070409991662
ellipse_71113,13,8,24,False,0.0056575240014353
ellipse_71113,13,8,25,False,0.0056373839979642
ellipse_71113,13,8,26,False,0.0057564260023355
ellipse_71113,13,8,27,False,0.0056665789998078
ellipse_71113,13,8,28,False,0.0056491190007363
ellipse_71113,13,8,29,False,0.0056646039993211
ellipse_71113,13,16,0,True,0.0371645870000065
ellipse_71113,13,16,1,True,0.0345092070019745
ellipse_71113,13,16,2,True,0.0358483950003574
ellipse_71113,13,16,3,True,0.0348612849993514
ellipse_71113,13,16,4,True,0.0345972510003775
ellipse_71113,13,16,5,True,0.0346633299996028
ellipse_71113,13,16,6,True,0.0343795730004785
ellipse_71113,13,16,7,True,0.034532786001364
ellipse_71113,13,16,8,True,0.0349334619968431
ellipse_71113,13,16,9,True,0.0345949190013925
ellipse_71113,13,16,10,True,0.0343068459987989
ellipse_71113,13,16,11,True,0.0347425410000141
ellipse_71113,13,16,12,True,0.0376614779997908
ellipse_71113,13,16,13,True,0.0342445169990242
ellipse_71113,13,16,14,True,0.0344044949997623
ellipse_71113,13,16,15,True,0.0348345170023094
ellipse_71113,13,16,16,True,0.0347732570007792
ellipse_71113,13,16,17,True,0.0346025350008858
ellipse_71113,13,16,18,True,0.0346364069991977
ellipse_71113,13,16,19,True,0.0344547509994299
ellipse_71113,13,16,20,True,0.0352724440017482
ellipse_71113,13,16,21,True,0.0347129389992915
ellipse_71113,13,16,22,True,0.0344615539979713
ellipse_71113,13,16,23,True,0.0348188079988176
ellipse_71113,13,16,24,True,0.0346083989970793
ellipse_71113,13,16,25,True,0.0374926959993899
ellipse_71113,13,16,26,True,0.0347782499993627
ellipse_71113,13,16,27,True,0.0343613639997784
ellipse_71113,13,16,28,True,0.0344607879997056
ellipse_71113,13,16,29,True,0.0345744549995288
ellipse_71113,13,32,0,True,0.0355682029985473
ellipse_71113,13,32,1,True,0.035631579998153
ellipse_71113,13,32,2,True,0.0354628860004595
ellipse_71113,13,32,3,True,0.0355311249986698
ellipse_71113,13,32,4,True,0.0354999589981162
ellipse_71113,13,32,5,True,0.0360572710014821
ellipse_71113,13,32,6,True,0.0353989819996058
ellipse_71113,13,32,7,True,0.035529327000404
ellipse_71113,13,32,8,True,0.0353000239992979
ellipse_71113,13,32,9,True,0.035494663999998
ellipse_71113,13,32,10,True,0.0353376029997889
ellipse_71113,13,32,11,True,0.0420105000011972
ellipse_71113,13,32,12,True,0.0359208020017831
ellipse_71113,13,32,13,True,0.0354884029984532
ellipse_71113,13,32,14,True,0.0367640750009741
ellipse_71113,13,32,15,True,0.0356281559979834
ellipse_71113,13,32,16,True,0.0353371460005291
ellipse_71113,13,32,17,True,0.0355798960008542
ellipse_71113,13,32,18,True,0.0357529600005364
ellipse_71113,13,32,19,True,0.036298210001405
ellipse_71113,13,32,20,True,0.0356446249970758
ellipse_71113,13,32,21,True,0.0355087789976096
ellipse_71113,13,32,22,True,0.0354243139991012
ellipse_71113,13,32,23,True,0.0353147649984748
ellipse_71113,13,32,24,True,0.0355301710005733
ellipse_71113,13,32,25,True,0.0352080640004714
ellipse_71113,13,32,26,True,0.0353665559996443
ellipse_71113,13,32,27,True,0.0362940470004105
ellipse_71113,13,32,28,True,0.0353841629985254
ellipse_71113,13,32,29,True,0.0368856280001637
ellipse_71113,13,64,0,True,0.037490014998184
ellipse_71113,13,64,1,True,0.037461201998667
ellipse_71113,13,64,2,True,0.0374785899984999
ellipse_71113,13,64,3,True,0.0375043359999835
ellipse_71113,13,64,4,True,0.0372797710006125
ellipse_71113,13,64,5,True,0.03750497999863
ellipse_71113,13,64,6,True,0.038131819001137
ellipse_71113,13,64,7,True,0.0374777610013552
ellipse_71113,13,64,8,True,0.0384802129992749
ellipse_71113,13,64,9,True,0.0376506749998952
ellipse_71113,13,64,10,True,0.0404024919989751
ellipse_71113,13,64,11,True,0.0375071400012529
ellipse_71113,13,64,12,True,0.0372686429982422
ellipse_71113,13,64,13,True,0.0376641449984163
ellipse_71113,13,64,14,True,0.0375612119969446
ellipse_71113,13,64,15,True,0.0405166939999617
ellipse_71113,13,64,16,True,0.0409417490009218
ellipse_71113,13,64,17,True,0.0375548390002222
ellipse_71113,13,64,18,True,0.0376502079998317
ellipse_71113,13,64,19,True,0.03758728899993
ellipse_71113,13,64,20,True,0.03744963400095
ellipse_71113,13,64,21,True,0.0395727420000184
ellipse_71113,13,64,22,True,0.037435109999933
ellipse_71113,13,64,23,True,0.0376124770009482
ellipse_71113,13,64,24,True,0.0378053839995118
ellipse_71113,13,64,25,True,0.0373956030016415
ellipse_71113,13,64,26,True,0.0376067069992132
ellipse_71113,13,64,27,True,0.0375920830010727
ellipse_71113,13,64,28,True,0.0375240460016357
ellipse_71113,13,64,29,True,0.0374945780022244
ellipse_131719,19,2,0,False,0.0055775969995011
ellipse_131719,19,2,1,False,0.0054594530010945
ellipse_131719,19,2,2,False,0.0056715270002314
ellipse_131719,19,2,3,False,0.00543626900253
ellipse_131719,19,2,4,False,0.0054240259996731
ellipse_131719,19,2,5,False,0.0054889250022824
ellipse_131719,19,2,6,False,0.00541685799908
ellipse_131719,19,2,7,False,0.0054776360011601
ellipse_131719,19,2,8,False,0.0055072809991543
ellipse_131719,19,2,9,False,0.0055599059996893
ellipse_131719,19,2,10,False,0.0054928339995967
ellipse_131719,19,2,11,False,0.005593552999926
ellipse_131719,19,2,12,False,0.0055303400004049
ellipse_131719,19,2,13,False,0.0054718209976272
ellipse_131719,19,2,14,False,0.0069679389998782
ellipse_131719,19,2,15,False,0.0055418330011889
ellipse_131719,19,2,16,False,0.0056413029997202
ellipse_131719,19,2,17,False,0.0055922030005604
ellipse_131719,19,2,18,False,0.0054588479979429
ellipse_131719,19,2,19,False,0.0055877519989735
ellipse_131719,19,2,20,False,0.0055407770014426
ellipse_131719,19,2,21,False,0.0054923860006965
ellipse_131719,19,2,22,False,0.0056011170017882
ellipse_131719,19,2,23,False,0.0059273939987178
ellipse_131719,19,2,24,False,0.0054719399995519
ellipse_131719,19,2,25,False,0.0055769339996913
ellipse_131719,19,2,26,False,0.0055291159987973
ellipse_131719,19,2,27,False,0.0054537559990421
ellipse_131719,19,2,28,False,0.0055093810005928
ellipse_131719,19,2,29,False,0.0055401350000465
ellipse_131719,19,4,0,False,0.0054954039987933
ellipse_131719,19,4,1,False,0.0055403859987563
ellipse_131719,19,4,2,False,0.0056353309992118
ellipse_131719,19,4,3,False,0.0055540759967698
ellipse_131719,19,4,4,False,0.0056285760001628
ellipse_131719,19,4,5,False,0.0056827209991752
ellipse_131719,19,4,6,False,0.0056903240001702
ellipse_131719,19,4,7,False,0.0055457859998568
ellipse_131719,19,4,8,False,0.0055599539991817
ellipse_131719,19,4,9,False,0.0055833420010458
ellipse_131719,19,4,10,False,0.0056361509996349
ellipse_131719,19,4,11,False,0.0054318830007105
ellipse_131719,19,4,12,False,0.005472088996612
ellipse_131719,19,4,13,False,0.0055950590030988
ellipse_131719,19,4,14,False,0.0055096550022426
ellipse_131719,19,4,15,False,0.0054849330008437
ellipse_131719,19,4,16,False,0.0078709660010645
ellipse_131719,19,4,17,False,0.0055714139998599
ellipse_131719,19,4,18,False,0.0054801490005047
ellipse_131719,19,4,19,False,0.0055968699998629
ellipse_131719,19,4,20,False,0.0056667030003154
ellipse_131719,19,4,21,False,0.0055863939996925
ellipse_131719,19,4,22,False,0.0054822089987283
ellipse_131719,19,4,23,False,0.0055847629992058
ellipse_131719,19,4,24,False,0.0054789509995316
ellipse_131719,19,4,25,False,0.0054823870013933
ellipse_131719,19,4,26,False,0.0056605550016683
ellipse_131719,19,4,27,False,0.0055226429976755
ellipse_131719,19,4,28,False,0.005555596002523
ellipse_131719,19,4,29,False,0.0055631260001973
ellipse_131719,19,8,0,False,0.005619026000204
ellipse_131719,19,8,1,False,0.0056445209993398
ellipse_131719,19,8,2,False,0.0058347940030216
ellipse_131719,19,8,3,False,0.0060765859998355
ellipse_131719,19,8,4,False,0.0060886430001119
ellipse_131719,19,8,5,False,0.0057085930020548
ellipse_131719,19,8,6,False,0.0058922709977196
ellipse_131719,19,8,7,False,0.0059900140004174
ellipse_131719,19,8,8,False,0.0057153989982907
ellipse_131719,19,8,9,False,0.0057243369992647
ellipse_131719,19,8,10,False,0.0058281679994252
ellipse_131719,19,8,11,False,0.0056851459994504
ellipse_131719,19,8,12,False,0.0056389870005659
ellipse_131719,19,8,13,False,0.0058508699985395
ellipse_131719,19,8,14,False,0.0058248559980711
ellipse_131719,19,8,15,False,0.0057367560002603
ellipse_131719,19,8,16,False,0.0056756919984763
ellipse_131719,19,8,17,False,0.005679436999344
ellipse_131719,19,8,18,False,0.0056316599984711
ellipse_131719,19,8,19,False,0.0057767489997786
ellipse_131719,19,8,20,False,0.005695003997971
ellipse_131719,19,8,21,False,0.0057892119984899
ellipse_131719,19,8,22,False,0.0057371720031369
ellipse_131719,19,8,23,False,0.0056503570012864
ellipse_131719,19,8,24,False,0.0056946400000015
ellipse_131719,19,8,25,False,0.0057023990011657
ellipse_131719,19,8,26,False,0.0056744730027276
ellipse_131719,19,8,27,False,0.0057518699977663
ellipse_131719,19,8,28,False,0.0058046220001415
ellipse_131719,19,8,29,False,0.0057975820018327
ellipse_131719,19,16,0,False,0.0059692319991881
ellipse_131719,19,16,1,False,0.0061818479989597
ellipse_131719,19,16,2,False,0.0059693439980037
ellipse_131719,19,16,3,False,0.0060299470023892
ellipse_131719,19,16,4,False,0.006009188000462
ellipse_131719,19,16,5,False,0.0059322920023987
ellipse_131719,19,16,6,False,0.0060998539993306
ellipse_131719,19,16,7,False,0.0059806770004797
ellipse_131719,19,16,8,False,0.005983416998788
ellipse_131719,19,16,9,False,0.006071317999158
ellipse_131719,19,16,10,False,0.0059713680020649
ellipse_131719,19,16,11,False,0.0059948810012429
ellipse_131719,19,16,12,False,0.0059507900004973
ellipse_131719,19,16,13,False,0.0059745409998868
ellipse_131719,19,16,14,False,0.0060097799978393
ellipse_131719,19,16,15,False,0.0060103220021119
ellipse_131719,19,16,16,False,0.0059819240013894
ellipse_131719,19,16,17,False,0.005960024001979
ellipse_131719,19,16,18,False,0.0060089220023655
ellipse_131719,19,16,19,False,0.0059914059966104
ellipse_131719,19,16,20,False,0.0060782830005337
ellipse_131719,19,16,21,False,0.0059847330012416
ellipse_131719,19,16,22,False,0.0059682700011762
ellipse_131719,19,16,23,False,0.005986305000988
ellipse_131719,19,16,24,False,0.0060012899994035
ellipse_131719,19,16,25,False,0.0059849550016224
ellipse_131719,19,16,26,False,0.0060367660007614
ellipse_131719,19,16,27,False,0.0059985650004819
ellipse_131719,19,16,28,False,0.0059851719997823
ellipse_131719,19,16,29,False,0.0061348140006884
ellipse_131719,19,32,0,True,0.0403493989979324
ellipse_131719,19,32,1,True,0.0357512010014033
ellipse_131719,19,32,2,True,0.0358683949998521
ellipse_131719,19,32,3,True,0.0358690680004656
ellipse_131719,19,32,4,True,0.0358418059986433
ellipse_131719,19,32,5,True,0.0357309050014009
ellipse_131719,19,32,6,True,0.0356252540004788
ellipse_131719,19,32,7,True,0.0356610210001235
ellipse_131719,19,32,8,True,0.0355850390005798
ellipse_131719,19,32,9,True,0.0355858269977034
ellipse_131719,19,32,10,True,0.0356469170001219
ellipse_131719,19,32,11,True,0.0354667309984506
ellipse_131719,19,32,12,True,0.036408885000128
ellipse_131719,19,32,13,True,0.0358176629997615
ellipse_131719,19,32,14,True,0.0355824520011083
ellipse_131719,19,32,15,True,0.0358475800021551
ellipse_131719,19,32,16,True,0.0358557719991949
ellipse_131719,19,32,17,True,0.0355315310007426
ellipse_131719,19,32,18,True,0.0363932139989628
ellipse_131719,19,32,19,True,0.035977854997327
ellipse_131719,19,32,20,True,0.0356131400003505
ellipse_131719,19,32,21,True,0.0355966540009831
ellipse_131719,19,32,22,True,0.0355394919970422
ellipse_131719,19,32,23,True,0.035709764000785
ellipse_131719,19,32,24,True,0.0357402199988428
ellipse_131719,19,32,25,True,0.0356137069975375
ellipse_131719,19,32,26,True,0.0353498580006998
ellipse_131719,19,32,27,True,0.0355826759987394
ellipse_131719,19,32,28,True,0.0357079629975487
ellipse_131719,19,32,29,True,0.0356982740013336
ellipse_131719,19,64,0,True,0.038478323000163
ellipse_131719,19,64,1,True,0.0431977890002599
ellipse_131719,19,64,2,True,0.0377525680014514
ellipse_131719,19,64,3,True,0.037667673001124
ellipse_131719,19,64,4,True,0.0378769439994357
ellipse_131719,19,64,5,True,0.0379155720002017
ellipse_131719,19,64,6,True,0.0390877550016739
ellipse_131719,19,64,7,True,0.0377415589973679
ellipse_131719,19,64,8,True,0.0381377550002071
ellipse_131719,19,64,9,True,0.0377852729980077
ellipse_131719,19,64,10,True,0.0377979440017952
ellipse_131719,19,64,11,True,0.0377703650010516
ellipse_131719,19,64,12,True,0.037661564998416
ellipse_131719,19,64,13,True,0.0377863819994672
ellipse_131719,19,64,14,True,0.037760265997349
ellipse_131719,19,64,15,True,0.037729372998001
ellipse_131719,19,64,16,True,0.0376857400005974
ellipse_131719,19,64,17,True,0.0379658599995309
ellipse_131719,19,64,18,True,0.0378541780009982
ellipse_131719,19,64,19,True,0.0377424070029519
ellipse_131719,19,64,20,True,0.0376897009991807
ellipse_131719,19,64,21,True,0.0402220270007092
ellipse_131719,19,64,22,True,0.0378530480011249
ellipse_131719,19,64,23,True,0.0377699970013054
ellipse_131719,19,64,24,True,0.0380650560000503
ellipse_131719,19,64,25,True,0.0379929999980959
ellipse_131719,19,64,26,True,0.0377801939976052
ellipse_131719,19,64,27,True,0.0377869500007364
ellipse_131719,19,64,28,True,0.0378590850014006
ellipse_131719,19,64,29,True,0.0380456749990116
ellipse_171923,23,2,0,False,0.0057365149987163
ellipse_171923,23,2,1,False,0.0057198059985239
ellipse_171923,23,2,2,False,0.0055539410022902
ellipse_171923,23,2,3,False,0.0055242409980564
ellipse_171923,23,2,4,False,0.0055086769971239
ellipse_171923,23,2,5,False,0.0054741239982831
ellipse_171923,23,2,6,False,0.0059363229993323
ellipse_171923,23,2,7,False,0.0054666940013703
ellipse_171923,23,2,8,False,0.0055056249984772
ellipse_171923,23,2,9,False,0.0055740569987392
ellipse_171923,23,2,10,False,0.0054975230013951
ellipse_171923,23,2,11,False,0.0055450040017603
ellipse_171923,23,2,12,False,0.0055444429999624
ellipse_171923,23,2,13,False,0.0060169089992996
ellipse_171923,23,2,14,False,0.0055251809972105
ellipse_171923,23,2,15,False,0.005431421999674
ellipse_171923,23,2,16,False,0.0055296409991569
ellipse_171923,23,2,17,False,0.0055077130018617
ellipse_171923,23,2,18,False,0.0054474250027851
ellipse_171923,23,2,19,False,0.0055408160005754
ellipse_171923,23,2,20,False,0.0055409190026693
ellipse_171923,23,2,21,False,0.0055594200021005
ellipse_171923,23,2,22,False,0.0055071839997253
ellipse_171923,23,2,23,False,0.0055285449998336
ellipse_171923,23,2,24,False,0.005460956999741
ellipse_171923,23,2,25,False,0.0056305629987036
ellipse_171923,23,2,26,False,0.0054610959996352
ellipse_171923,23,2,27,False,0.0054237299991655
ellipse_171923,23,2,28,False,0.0055599479965167
ellipse_171923,23,2,29,False,0.0054674079983669
ellipse_171923,23,4,0,False,0.0055290210002567
ellipse_171923,23,4,1,False,0.0055133230016508
ellipse_171923,23,4,2,False,0.0055801500020606
ellipse_171923,23,4,3,False,0.0054843200014147
ellipse_171923,23,4,4,False,0.0055810679987189
ellipse_171923,23,4,5,False,0.0055365020016324
ellipse_171923,23,4,6,False,0.0055316020007012
ellipse_171923,23,4,7,False,0.0065460039986646
ellipse_171923,23,4,8,False,0.0056102749986166
ellipse_171923,23,4,9,False,0.0055619590020796
ellipse_171923,23,4,10,False,0.00554602199918
ellipse_171923,23,4,11,False,0.0055521549984405
ellipse_171923,23,4,12,False,0.0055594199984625
ellipse_171923,23,4,13,False,0.0055801839989726
ellipse_171923,23,4,14,False,0.0054638809997413
ellipse_171923,23,4,15,False,0.0055478979993495
ellipse_171923,23,4,16,False,0.0055689189975964
ellipse_171923,23,4,17,False,0.0055384660008712
ellipse_171923,23,4,18,False,0.0055026170011842
ellipse_171923,23,4,19,False,0.0055597569989913
ellipse_171923,23,4,20,False,0.0055126510014815
ellipse_171923,23,4,21,False,0.0056441160013491
ellipse_171923,23,4,22,False,0.005584598002315
ellipse_171923,23,4,23,False,0.0055605929992452
ellipse_171923,23,4,24,False,0.005590189997747
ellipse_171923,23,4,25,False,0.0054948300021351
ellipse_171923,23,4,26,False,0.0055340149992844
ellipse_171923,23,4,27,False,0.0055605390007258
ellipse_171923,23,4,28,False,0.0056593699991935
ellipse_171923,23,4,29,False,0.0056181159998232
ellipse_171923,23,8,0,False,0.0057914889985113
ellipse_171923,23,8,1,False,0.0057198720023734
ellipse_171923,23,8,2,False,0.0056847339983505
ellipse_171923,23,8,3,False,0.0056264119994011
ellipse_171923,23,8,4,False,0.0059342429995012
ellipse_171923,23,8,5,False,0.0057389360008528
ellipse_171923,23,8,6,False,0.0056257249998452
ellipse_171923,23,8,7,False,0.0057239939997089
ellipse_171923,23,8,8,False,0.0058051589985552
ellipse_171923,23,8,9,False,0.0056965639996633
ellipse_171923,23,8,10,False,0.0082704449996526
ellipse_171923,23,8,11,False,0.0056997219980985
ellipse_171923,23,8,12,False,0.0056886359998316
ellipse_171923,23,8,13,False,0.0057713919995876
ellipse_171923,23,8,14,False,0.0056720070024312
ellipse_171923,23,8,15,False,0.0075289430023985
ellipse_171923,23,8,16,False,0.0057672500006447
ellipse_171923,23,8,17,False,0.0057712669986358
ellipse_171923,23,8,18,False,0.0057645770029921
ellipse_171923,23,8,19,False,0.0056936799992399
ellipse_171923,23,8,20,False,0.005650578001223
ellipse_171923,23,8,21,False,0.0057707949999894
ellipse_171923,23,8,22,False,0.0056974210019689
ellipse_171923,23,8,23,False,0.0057931599985749
ellipse_171923,23,8,24,False,0.0057253949998994
ellipse_171923,23,8,25,False,0.0056597369984956
ellipse_171923,23,8,26,False,0.0056834209972294
ellipse_171923,23,8,27,False,0.00653462199989
ellipse_171923,23,8,28,False,0.0057058249985857
ellipse_171923,23,8,29,False,0.0057759309966058
ellipse_171923,23,16,0,False,0.0060657169997284
ellipse_171923,23,16,1,False,0.0060085889999754
ellipse_171923,23,16,2,False,0.0060049519997846
ellipse_171923,23,16,3,False,0.0060243990010349
ellipse_171923,23,16,4,False,0.0059701530008169
ellipse_171923,23,16,5,False,0.0059543099996517
ellipse_171923,23,16,6,False,0.0074755319983523
ellipse_171923,23,16,7,False,0.0059712219990615
ellipse_171923,23,16,8,False,0.0059624339992296
ellipse_171923,23,16,9,False,0.0060169610005686
ellipse_171923,23,16,10,False,0.0060565109997696
ellipse_171923,23,16,11,False,0.0060118920009699
ellipse_171923,23,16,12,False,0.0059978629979013
ellipse_171923,23,16,13,False,0.006053992001398
ellipse_171923,23,16,14,False,0.0060313579997455
ellipse_171923,23,16,15,False,0.0060129299999971
ellipse_171923,23,16,16,False,0.0060021730023436
ellipse_171923,23,16,17,False,0.00608942299732
ellipse_171923,23,16,18,False,0.005951916999038
ellipse_171923,23,16,19,False,0.0059568910000962
ellipse_171923,23,16,20,False,0.0059378730002208
ellipse_171923,23,16,21,False,0.0059970490001433
ellipse_171923,23,16,22,False,0.0060172849989612
ellipse_171923,23,16,23,False,0.0061212150030769
ellipse_171923,23,16,24,False,0.0060263400009716
ellipse_171923,23,16,25,False,0.0060673629996017
ellipse_171923,23,16,26,False,0.0060487360024126
ellipse_171923,23,16,27,False,0.0060707189986715
ellipse_171923,23,16,28,False,0.0060272910013736
ellipse_171923,23,16,29,False,0.0060538230027304
ellipse_171923,23,32,0,True,0.038590739997744
ellipse_171923,23,32,1,True,0.0355994980018294
ellipse_171923,23,32,2,True,0.0357857599992712
ellipse_171923,23,32,3,True,0.0363485410016437
ellipse_171923,23,32,4,True,0.0357798710028873
ellipse_171923,23,32,5,True,0.0358371990005252
ellipse_171923,23,32,6,True,0.0361499710015777
ellipse_171923,23,32,7,True,0.0358616949997667
ellipse_171923,23,32,8,True,0.0359696089981298
ellipse_171923,23,32,9,True,0.0358667000000423
ellipse_171923,23,32,10,True,0.0377570529999502
ellipse_171923,23,32,11,True,0.0370989609982643
ellipse_171923,23,32,12,True,0.0361351200008357
ellipse_171923,23,32,13,True,0.0357978350002667
ellipse_171923,23,32,14,True,0.0359639339985733
ellipse_171923,23,32,15,True,0.0380745549991843
ellipse_171923,23,32,16,True,0.0380039190022216
ellipse_171923,23,32,17,True,0.0367301080004836
ellipse_171923,23,32,18,True,0.0358922910018009
ellipse_171923,23,32,19,True,0.0356566849986847
ellipse_171923,23,32,20,True,0.0375579850006033
ellipse_171923,23,32,21,True,0.0364233779982896
ellipse_171923,23,32,22,True,0.0358740669980761
ellipse_171923,23,32,23,True,0.0359457880003901
ellipse_171923,23,32,24,True,0.0358216189997619
ellipse_171923,23,32,25,True,0.035910705999413
ellipse_171923,23,32,26,True,0.0353798920004919
ellipse_171923,23,32,27,True,0.0357139589978032
ellipse_171923,23,32,28,True,0.0354997789982007
ellipse_171923,23,32,29,True,0.0358097560019814
ellipse_171923,23,64,0,True,0.0376930509992234
ellipse_171923,23,64,1,True,0.0375303710025036
ellipse_171923,23,64,2,True,0.0387208409993036
ellipse_171923,23,64,3,True,0.0380556150012125
ellipse_171923,23,64,4,True,0.0378055110013519
ellipse_171923,23,64,5,True,0.0378940949995012
ellipse_171923,23,64,6,True,0.0376464830005716
ellipse_171923,23,64,7,True,0.03884377400027
ellipse_171923,23,64,8,True,0.0378407950011023
ellipse_171923,23,64,9,True,0.0378501640007016
ellipse_171923,23,64,10,True,0.0377769759979855
ellipse_171923,23,64,11,True,0.0385792599990963
ellipse_171923,23,64,12,True,0.0376892029998998
ellipse_171923,23,64,13,True,0.0382478630017431
ellipse_171923,23,64,14,True,0.0396412740010418
ellipse_171923,23,64,15,True,0.0400925590001861
ellipse_171923,23,64,16,True,0.0373519890017632
ellipse_171923,23,64,17,True,0.0376503820007201
ellipse_171923,23,64,18,True,0.0376330260005488
ellipse_171923,23,64,19,True,0.0375843840010929
ellipse_171923,23,64,20,True,0.0375835630002256
ellipse_171923,23,64,21,True,0.037680444002035
ellipse_171923,23,64,22,True,0.0374246819992549
ellipse_171923,23,64,23,True,0.0376615229979506
ellipse_171923,23,64,24,True,0.0375884499990206
ellipse_171923,23,64,25,True,0.0401494680008909
ellipse_171923,23,64,26,True,0.0375160350013175
ellipse_171923,23,64,27,True,0.038740334999602
ellipse_171923,23,64,28,True,0.0373809140000958
ellipse_171923,23,64,29,True,0.0387466480024158
