phi,sigma,seed,exact,n_generators,time
0.0,0.02,0,True,1,0.11465120315551758
0.0,0.02,1,True,1,0.008783102035522461
0.0,0.02,2,True,1,0.008200645446777344
0.0,0.02,3,True,1,0.01195836067199707
0.0,0.02,4,True,1,0.008046865463256836
0.0,0.02,5,True,1,0.008007287979125977
0.0,0.02,6,True,1,0.00791788101196289
0.0,0.02,7,True,1,0.008143901824951172
0.0,0.02,8,True,1,0.007776737213134766
0.0,0.02,9,True,1,0.007885217666625977
0.0,0.02,10,True,1,0.00836324691772461
0.0,0.02,11,True,1,0.00798797607421875
0.0,0.02,12,True,1,0.007792472839355469
0.0,0.02,13,True,1,0.008284330368041992
0.0,0.02,14,True,1,0.008352041244506836
0.0,0.02,15,True,1,0.007844209671020508
0.0,0.02,16,True,1,0.007924795150756836
0.0,0.02,17,True,1,0.007907629013061523
0.0,0.02,18,True,1,0.00765681266784668
0.0,0.02,19,True,1,0.007829666137695312
0.0,0.02,20,True,1,0.00783538818359375
0.0,0.02,21,True,1,0.007741212844848633
0.0,0.02,22,True,1,0.007798910140991211
0.0,0.02,23,True,1,0.011053323745727539
0.0,0.02,24,True,1,0.008018016815185547
0.0,0.02,25,True,1,0.007870912551879883
0.0,0.02,26,True,1,0.0078051090240478516
0.0,0.02,27,True,1,0.007709980010986328
0.0,0.02,28,True,1,0.007775306701660156
0.0,0.02,29,True,1,0.00755763053894043
0.0,0.05,0,True,1,0.007819414138793945
0.0,0.05,1,True,1,0.007813692092895508
0.0,0.05,2,True,1,0.007870197296142578
0.0,0.05,3,True,1,0.008003473281860352
0.0,0.05,4,True,1,0.007939338684082031
0.0,0.05,5,True,1,0.007787942886352539
0.0,0.05,6,True,1,0.007819652557373047
0.0,0.05,7,True,1,0.007588624954223633
0.0,0.05,8,True,1,0.00777745246887207
0.0,0.05,9,True,1,0.007827043533325195
0.0,0.05,10,True,1,0.007851839065551758
0.0,0.05,11,True,1,0.007764339447021484
0.0,0.05,12,True,1,0.008087873458862305
0.0,0.05,13,True,1,0.007787942886352539
0.0,0.05,14,True,1,0.00791311264038086
0.0,0.05,15,True,1,0.0076749324798583984
0.0,0.05,16,True,1,0.007863044738769531
0.0,0.05,17,True,1,0.0077686309814453125
0.0,0.05,18,True,1,0.00780487060546875
0.0,0.05,19,True,1,0.007685184478759766
0.0,0.05,20,True,1,0.007943391799926758
0.0,0.05,21,True,1,0.007756471633911133
0.0,0.05,22,True,1,0.007913827896118164
0.0,0.05,23,True,1,0.007753133773803711
0.0,0.05,24,True,1,0.007874488830566406
0.0,0.05,25,True,1,0.007700204849243164
0.0,0.05,26,True,1,0.008668184280395508
0.0,0.05,27,True,1,0.007821321487426758
0.0,0.05,28,True,1,0.009780406951904297
0.0,0.05,29,True,1,0.007914543151855469
0.0,0.1,0,True,1,0.00789785385131836
0.0,0.1,1,True,1,0.007725238800048828
0.0,0.1,2,True,1,0.007885456085205078
0.0,0.1,3,True,1,0.007795095443725586
0.0,0.1,4,True,1,0.007897138595581055
0.0,0.1,5,True,1,0.007904767990112305
0.0,0.1,6,True,1,0.007747173309326172
0.0,0.1,7,True,1,0.008027315139770508
0.0,0.1,8,True,1,0.007913589477539062
0.0,0.1,9,True,1,0.007747173309326172
0.0,0.1,10,True,1,0.007767677307128906
0.0,0.1,11,True,1,0.007844209671020508
0.0,0.1,12,True,1,0.007764577865600586
0.0,0.1,13,True,1,0.007716178894042969
0.0,0.1,14,True,1,0.007924079895019531
0.0,0.1,15,True,1,0.007651567459106445
0.0,0.1,16,True,1,0.007875204086303711
0.0,0.1,17,True,1,0.0077898502349853516
0.0,0.1,18,True,1,0.007907629013061523
0.0,0.1,19,True,1,0.00786733627319336
0.0,0.1,20,True,1,0.00780940055847168
0.0,0.1,21,True,1,0.007772207260131836
0.0,0.1,22,True,1,0.007781028747558594
0.0,0.1,23,True,1,0.007735490798950195
0.0,0.1,24,True,1,0.007852554321289062
0.0,0.1,25,True,1,0.007817983627319336
0.0,0.1,26,True,1,0.007897377014160156
0.0,0.1,27,True,1,0.00773167610168457
0.0,0.1,28,True,1,0.00782012939453125
0.0,0.1,29,True,1,0.007769346237182617
0.5,0.02,0,True,1,0.00781869888305664
0.5,0.02,1,True,1,0.007725238800048828
0.5,0.02,2,True,1,0.007731199264526367
0.5,0.02,3,True,1,0.007783412933349609
0.5,0.02,4,True,1,0.007869958877563477
0.5,0.02,5,True,1,0.0076351165771484375
0.5,0.02,6,True,1,0.007781982421875
0.5,0.02,7,True,1,0.007715463638305664
0.5,0.02,8,True,1,0.007787942886352539
0.5,0.02,9,True,1,0.0077970027923583984
0.5,0.02,10,True,1,0.007896184921264648
0.5,0.02,11,True,1,0.007872819900512695
0.5,0.02,12,True,1,0.008275032043457031
0.5,0.02,13,True,1,0.00789499282836914
0.5,0.02,14,True,1,0.007799863815307617
0.5,0.02,15,True,1,0.007696628570556641
0.5,0.02,16,True,1,0.007871389389038086
0.5,0.02,17,True,1,0.007794618606567383
0.5,0.02,18,True,1,0.007752418518066406
0.5,0.02,19,True,1,0.00763249397277832
0.5,0.02,20,True,1,0.007979869842529297
0.5,0.02,21,True,1,0.007719278335571289
0.5,0.02,22,True,1,0.007815837860107422
0.5,0.02,23,True,1,0.00825643539428711
0.5,0.02,24,True,1,0.007839441299438477
0.5,0.02,25,True,1,0.007801055908203125
0.5,0.02,26,True,1,0.010473489761352539
0.5,0.02,27,True,1,0.007802009582519531
0.5,0.02,28,True,1,0.007857561111450195
0.5,0.02,29,True,1,0.007638216018676758
0.5,0.05,0,True,1,0.007911920547485352
0.5,0.05,1,True,1,0.0077784061431884766
0.5,0.05,2,True,1,0.007880926132202148
0.5,0.05,3,True,1,0.007760047912597656
0.5,0.05,4,True,1,0.007955551147460938
0.5,0.05,5,True,1,0.00840306282043457
0.5,0.05,6,True,1,0.007906198501586914
0.5,0.05,7,True,1,0.007821321487426758
0.5,0.05,8,True,1,0.008083820343017578
0.5,0.05,9,True,1,0.007710933685302734
0.5,0.05,10,True,1,0.007834434509277344
0.5,0.05,11,True,1,0.010276556015014648
0.5,0.05,12,True,1,0.008118152618408203
0.5,0.05,13,True,1,0.00791168212890625
0.5,0.05,14,True,1,0.008084774017333984
0.5,0.05,15,True,1,0.007748126983642578
0.5,0.05,16,True,1,0.007872343063354492
0.5,0.05,17,True,1,0.007825851440429688
0.5,0.05,18,True,1,0.007763862609863281
0.5,0.05,19,True,1,0.007663249969482422
0.5,0.05,20,True,1,0.007941246032714844
0.5,0.05,21,True,1,0.007792472839355469
0.5,0.05,22,True,1,0.00784158706665039
0.5,0.05,23,True,1,0.008552312850952148
0.5,0.05,24,True,1,0.007993221282958984
0.5,0.05,25,True,1,0.007931947708129883
0.5,0.05,26,True,1,0.007873296737670898
0.5,0.05,27,True,1,0.0077533721923828125
0.5,0.05,28,True,1,0.007754087448120117
0.5,0.05,29,True,1,0.008195161819458008
0.5,0.1,0,True,1,0.007875680923461914
0.5,0.1,1,True,1,0.008072137832641602
0.5,0.1,2,True,1,0.00805521011352539
0.5,0.1,3,True,1,0.00785970687866211
0.5,0.1,4,True,1,0.007803201675415039
0.5,0.1,5,True,1,0.007879018783569336
0.5,0.1,6,True,1,0.007941484451293945
0.5,0.1,7,True,1,0.008643150329589844
0.5,0.1,8,True,1,0.008044242858886719
0.5,0.1,9,True,1,0.007770538330078125
0.5,0.1,10,True,1,0.008124113082885742
0.5,0.1,11,True,1,0.007823705673217773
0.5,0.1,12,True,1,0.00783538818359375
0.5,0.1,13,True,1,0.007818222045898438
0.5,0.1,14,True,1,0.007916688919067383
0.5,0.1,15,True,1,0.0078125
0.5,0.1,16,True,1,0.007887840270996094
0.5,0.1,17,True,1,0.009726524353027344
0.5,0.1,18,True,1,0.007915735244750977
0.5,0.1,19,True,1,0.00786447525024414
0.5,0.1,20,True,1,0.00811147689819336
0.5,0.1,21,True,1,0.007894277572631836
0.5,0.1,22,True,1,0.0077533721923828125
0.5,0.1,23,True,1,0.01458597183227539
0.5,0.1,24,True,1,0.008074760437011719
0.5,0.1,25,True,1,0.0078277587890625
0.5,0.1,26,True,1,0.007985830307006836
0.5,0.1,27,True,1,0.0076525211334228516
0.5,0.1,28,True,1,0.007918834686279297
0.5,0.1,29,True,1,0.0077550411224365234
0.9,0.02,0,True,1,0.007730007171630859
0.9,0.02,1,True,1,0.007750988006591797
0.9,0.02,2,True,1,0.007748842239379883
0.9,0.02,3,True,1,0.00770115852355957
0.9,0.02,4,True,1,0.007815122604370117
0.9,0.02,5,True,1,0.007651090621948242
0.9,0.02,6,True,1,0.007787942886352539
0.9,0.02,7,True,1,0.007636308670043945
0.9,0.02,8,True,1,0.007844209671020508
0.9,0.02,9,True,1,0.007822990417480469
0.9,0.02,10,True,1,0.007903814315795898
0.9,0.02,11,True,1,0.007682085037231445
0.9,0.02,12,True,1,0.007940053939819336
0.9,0.02,13,True,1,0.007715702056884766
0.9,0.02,14,True,1,0.007903099060058594
0.9,0.02,15,True,1,0.007729530334472656
0.9,0.02,16,True,1,0.008150815963745117
0.9,0.02,17,True,1,0.007767200469970703
0.9,0.02,18,True,1,0.007825374603271484
0.9,0.02,19,True,1,0.00990748405456543
0.9,0.02,20,True,1,0.007791996002197266
0.9,0.02,21,True,1,0.007643461227416992
0.9,0.02,22,True,1,0.0078046321868896484
0.9,0.02,23,True,1,0.0076847076416015625
0.9,0.02,24,True,1,0.007803201675415039
0.9,0.02,25,True,1,0.007743358612060547
0.9,0.02,26,True,1,0.007737398147583008
0.9,0.02,27,True,1,0.007666826248168945
0.9,0.02,28,True,1,0.007765531539916992
0.9,0.02,29,True,1,0.007668495178222656
0.9,0.05,0,True,1,0.00786590576171875
0.9,0.05,1,True,1,0.007953643798828125
0.9,0.05,2,True,1,0.007715702056884766
0.9,0.05,3,True,1,0.007689476013183594
0.9,0.05,4,True,1,0.007731199264526367
0.9,0.05,5,True,1,0.0076389312744140625
0.9,0.05,6,True,1,0.007838964462280273
0.9,0.05,7,True,1,0.00788426399230957
0.9,0.05,8,True,1,0.007791757583618164
0.9,0.05,9,True,1,0.008463144302368164
0.9,0.05,10,True,1,0.007963418960571289
0.9,0.05,11,True,1,0.007915735244750977
0.9,0.05,12,True,1,0.009756803512573242
0.9,0.05,13,True,1,0.007754325866699219
0.9,0.05,14,True,1,0.007846593856811523
0.9,0.05,15,True,1,0.007769346237182617
0.9,0.05,16,True,1,0.007758378982543945
0.9,0.05,17,True,1,0.007884979248046875
0.9,0.05,18,True,1,0.007798910140991211
0.9,0.05,19,True,1,0.007748842239379883
0.9,0.05,20,True,1,0.007864236831665039
0.9,0.05,21,True,1,0.0077702999114990234
0.9,0.05,22,True,1,0.007775306701660156
0.9,0.05,23,True,1,0.0077381134033203125
0.9,0.05,24,True,1,0.007852792739868164
0.9,0.05,25,True,1,0.00777125358581543
0.9,0.05,26,True,1,0.00770115852355957
0.9,0.05,27,True,1,0.007686138153076172
0.9,0.05,28,True,1,0.007776737213134766
0.9,0.05,29,True,1,0.007904052734375
0.9,0.1,0,True,1,0.007816791534423828
0.9,0.1,1,False,1,0.07792854309082031
0.9,0.1,2,True,1,0.008152484893798828
0.9,0.1,3,True,1,0.007774829864501953
0.9,0.1,4,True,1,0.007993698120117188
0.9,0.1,5,True,1,0.007805347442626953
0.9,0.1,6,True,1,0.00792837142944336
0.9,0.1,7,True,1,0.00772857666015625
0.9,0.1,8,True,1,0.007861137390136719
0.9,0.1,9,True,1,0.007891416549682617
0.9,0.1,10,True,1,0.007955551147460938
0.9,0.1,11,True,1,0.007856607437133789
0.9,0.1,12,True,1,0.007840871810913086
0.9,0.1,13,True,1,0.007700681686401367
0.9,0.1,14,True,1,0.008032798767089844
0.9,0.1,15,True,1,0.007827281951904297
0.9,0.1,16,True,1,0.007952690124511719
0.9,0.1,17,True,1,0.007918119430541992
0.9,0.1,18,True,1,0.00803518295288086
0.9,0.1,19,True,1,0.007687091827392578
0.9,0.1,20,True,1,0.00783538818359375
0.9,0.1,21,True,1,0.007710695266723633
0.9,0.1,22,True,1,0.007919788360595703
0.9,0.1,23,True,1,0.007696390151977539
0.9,0.1,24,True,1,0.007752418518066406
0.9,0.1,25,True,1,0.0076901912689208984
0.9,0.1,26,True,1,0.007877826690673828
0.9,0.1,27,True,1,0.007601261138916016
0.9,0.1,28,True,1,0.008506298065185547
0.9,0.1,29,True,1,0.007846355438232422
