system,n_vars,true_degree,sigma,seed,avi_cardinality,avi_runtime_sec,srgb_exact,avi_contains_true,avi_contains_srgb_generator,note
circle,2,2,0.0,0,1,0.0017583370208740234,True,True,True,
circle,2,2,0.0,1,1,0.0012969970703125,True,True,True,
circle,2,2,0.0,2,1,0.0012936592102050781,True,True,True,
circle,2,2,0.0,3,1,0.0012519359588623047,True,True,True,
circle,2,2,0.0,4,1,0.0013344287872314453,True,True,True,
circle,2,2,0.0,5,1,0.0012094974517822266,True,True,True,
circle,2,2,0.0,6,1,0.002894878387451172,True,True,True,
circle,2,2,0.0,7,1,0.0012688636779785156,True,True,True,
circle,2,2,0.0,8,1,0.0012211799621582031,True,True,True,
circle,2,2,0.0,9,1,0.0013346672058105469,True,True,True,
circle,2,2,0.0,10,1,0.001210927963256836,True,True,True,
circle,2,2,0.0,11,1,0.0012028217315673828,True,True,True,
circle,2,2,0.0,12,1,0.0012814998626708984,True,True,True,
circle,2,2,0.0,13,1,0.0012111663818359375,True,True,True,
circle,2,2,0.0,14,1,0.001272439956665039,True,True,True,
circle,2,2,0.0,15,1,0.0012080669403076172,True,True,True,
circle,2,2,0.0,16,1,0.0012881755828857422,True,True,True,
circle,2,2,0.0,17,1,0.0012180805206298828,True,True,True,
circle,2,2,0.0,18,1,0.0012145042419433594,True,True,True,
circle,2,2,0.0,19,1,0.0013689994812011719,True,True,True,
circle,2,2,0.0,20,1,0.0012073516845703125,True,True,True,
circle,2,2,0.0,21,1,0.001241445541381836,True,True,True,
circle,2,2,0.0,22,1,0.00119781494140625,True,True,True,
circle,2,2,0.0,23,1,0.0012383460998535156,True,True,True,
circle,2,2,0.0,24,1,0.001184701919555664,True,True,True,
circle,2,2,0.0,25,1,0.0011813640594482422,True,True,True,
circle,2,2,0.0,26,1,0.0012288093566894531,True,True,True,
circle,2,2,0.0,27,1,0.001207113265991211,True,True,True,
circle,2,2,0.0,28,1,0.001255035400390625,True,True,True,
circle,2,2,0.0,29,1,0.0011997222900390625,True,True,True,
circle,2,2,0.01,0,1,0.0012433528900146484,True,True,True,
circle,2,2,0.01,1,1,0.0012543201446533203,True,True,True,
circle,2,2,0.01,2,1,0.0012171268463134766,True,True,True,
circle,2,2,0.01,3,1,0.0012483596801757812,True,True,True,
circle,2,2,0.01,4,1,0.0011990070343017578,True,True,True,
circle,2,2,0.01,5,1,0.0012235641479492188,True,True,True,
circle,2,2,0.01,6,1,0.0013010501861572266,True,True,True,
circle,2,2,0.01,7,1,0.0012559890747070312,True,True,True,
circle,2,2,0.01,8,1,0.001232147216796875,True,True,True,
circle,2,2,0.01,9,1,0.00121307373046875,True,True,True,
circle,2,2,0.01,10,1,0.0012695789337158203,True,True,True,
circle,2,2,0.01,11,1,0.0012154579162597656,True,True,True,
circle,2,2,0.01,12,1,0.0012218952178955078,True,True,True,
circle,2,2,0.01,13,1,0.0013623237609863281,True,True,True,
circle,2,2,0.01,14,1,0.0012285709381103516,True,True,True,
circle,2,2,0.01,15,1,0.0013136863708496094,True,True,True,
circle,2,2,0.01,16,1,0.0012364387512207031,True,True,True,
circle,2,2,0.01,17,1,0.0012226104736328125,True,True,True,
circle,2,2,0.01,18,1,0.0012052059173583984,True,True,True,
circle,2,2,0.01,19,1,0.0012955665588378906,True,True,True,
circle,2,2,0.01,20,1,0.001310586929321289,True,True,True,
circle,2,2,0.01,21,1,0.0013036727905273438,True,True,True,
circle,2,2,0.01,22,1,0.0012617111206054688,True,True,True,
circle,2,2,0.01,23,1,0.0012140274047851562,True,True,True,
circle,2,2,0.01,24,1,0.0011949539184570312,True,True,True,
circle,2,2,0.01,25,1,0.0013077259063720703,True,True,True,
circle,2,2,0.01,26,1,0.0012564659118652344,True,True,True,
circle,2,2,0.01,27,1,0.0013322830200195312,True,True,True,
circle,2,2,0.01,28,1,0.0012273788452148438,True,True,True,
circle,2,2,0.01,29,1,0.0012269020080566406,True,True,True,
circle,2,2,0.02,0,1,0.001386880874633789,True,True,True,
circle,2,2,0.02,1,1,0.0012366771697998047,True,True,True,
circle,2,2,0.02,2,1,0.0012617111206054688,True,True,True,
circle,2,2,0.02,3,1,0.0012788772583007812,True,True,True,
circle,2,2,0.02,4,1,0.0012428760528564453,True,True,True,
circle,2,2,0.02,5,1,0.00121307373046875,True,True,True,
circle,2,2,0.02,6,1,0.0012750625610351562,True,True,True,
circle,2,2,0.02,7,1,0.001367807388305664,True,True,True,
circle,2,2,0.02,8,1,0.001253366470336914,True,True,True,
circle,2,2,0.02,9,1,0.0012960433959960938,True,True,True,
circle,2,2,0.02,10,1,0.0012395381927490234,True,True,True,
circle,2,2,0.02,11,1,0.001344442367553711,True,True,True,
circle,2,2,0.02,12,1,0.001260995864868164,True,True,True,
circle,2,2,0.02,13,1,0.0013055801391601562,True,True,True,
circle,2,2,0.02,14,1,0.0012960433959960938,True,True,True,
circle,2,2,0.02,15,1,0.00124359130859375,True,True,True,
circle,2,2,0.02,16,1,0.0012502670288085938,True,True,True,
circle,2,2,0.02,17,1,0.001260995864868164,True,True,True,
circle,2,2,0.02,18,1,0.0012462139129638672,True,True,True,
circle,2,2,0.02,19,1,0.0012292861938476562,True,True,True,
circle,2,2,0.02,20,1,0.001280069351196289,True,True,True,
circle,2,2,0.02,21,1,0.0012557506561279297,True,True,True,
circle,2,2,0.02,22,1,0.0012278556823730469,True,True,True,
circle,2,2,0.02,23,1,0.0012161731719970703,True,True,True,
circle,2,2,0.02,24,1,0.0012917518615722656,True,True,True,
circle,2,2,0.02,25,1,0.0012679100036621094,True,True,True,
circle,2,2,0.02,26,1,0.0012705326080322266,True,True,True,
circle,2,2,0.02,27,1,0.0012562274932861328,True,True,True,
circle,2,2,0.02,28,1,0.0013005733489990234,True,True,True,
circle,2,2,0.02,29,1,0.0012543201446533203,True,True,True,
sphere,3,2,0.0,0,1,0.004878520965576172,True,True,True,
sphere,3,2,0.0,1,1,0.005427122116088867,True,True,True,
sphere,3,2,0.0,2,1,0.0028052330017089844,True,True,True,
sphere,3,2,0.0,3,1,0.005312919616699219,True,True,True,
sphere,3,2,0.0,4,1,0.005434989929199219,True,True,True,
sphere,3,2,0.0,5,1,0.005388021469116211,True,True,True,
sphere,3,2,0.0,6,1,0.005411863327026367,True,True,True,
sphere,3,2,0.0,7,1,0.0027790069580078125,True,True,True,
sphere,3,2,0.0,8,1,0.005438566207885742,True,True,True,
sphere,3,2,0.0,9,1,0.002655029296875,True,True,True,
sphere,3,2,0.0,10,1,0.002686738967895508,True,True,True,
sphere,3,2,0.0,11,1,0.0027332305908203125,True,True,True,
sphere,3,2,0.0,12,1,0.0026700496673583984,True,True,True,
sphere,3,2,0.0,13,1,0.0052869319915771484,True,True,True,
sphere,3,2,0.0,14,1,0.0052394866943359375,True,True,True,
sphere,3,2,0.0,15,1,0.005353450775146484,True,True,True,
sphere,3,2,0.0,16,1,0.002698659896850586,True,True,True,
sphere,3,2,0.0,17,1,0.005348920822143555,True,True,True,
sphere,3,2,0.0,18,1,0.005268573760986328,True,True,True,
sphere,3,2,0.0,19,1,0.005288839340209961,True,True,True,
sphere,3,2,0.0,20,1,0.005381345748901367,True,True,True,
sphere,3,2,0.0,21,1,0.005445241928100586,True,True,True,
sphere,3,2,0.0,22,1,0.0027475357055664062,True,True,True,
sphere,3,2,0.0,23,1,0.0027399063110351562,True,True,True,
sphere,3,2,0.0,24,1,0.00471949577331543,True,True,True,
sphere,3,2,0.0,25,1,0.005288124084472656,True,True,True,
sphere,3,2,0.0,26,1,0.005463361740112305,True,True,True,
sphere,3,2,0.0,27,1,0.005380392074584961,True,True,True,
sphere,3,2,0.0,28,1,0.002687215805053711,True,True,True,
sphere,3,2,0.0,29,1,0.005368947982788086,True,True,True,
sphere,3,2,0.01,0,1,0.0037963390350341797,True,True,True,
sphere,3,2,0.01,1,1,0.00466156005859375,True,True,True,
sphere,3,2,0.01,2,1,0.0056035518646240234,True,True,True,
sphere,3,2,0.01,3,1,0.0027480125427246094,True,True,True,
sphere,3,2,0.01,4,1,0.0054700374603271484,True,True,True,
sphere,3,2,0.01,5,1,0.0055239200592041016,True,True,True,
sphere,3,2,0.01,6,1,0.005403757095336914,True,True,True,
sphere,3,2,0.01,7,1,0.005320310592651367,True,True,True,
sphere,3,2,0.01,8,1,0.0032503604888916016,True,True,True,
sphere,3,2,0.01,9,1,0.0027594566345214844,True,True,True,
sphere,3,2,0.01,10,1,0.0053462982177734375,True,True,True,
sphere,3,2,0.01,11,1,0.0054056644439697266,True,True,True,
sphere,3,2,0.01,12,1,0.005482912063598633,True,True,True,
sphere,3,2,0.01,13,1,0.005549907684326172,True,True,True,
sphere,3,2,0.01,14,1,0.0026886463165283203,True,True,True,
sphere,3,2,0.01,15,1,0.00554656982421875,True,True,True,
sphere,3,2,0.01,16,1,0.005589485168457031,True,True,True,
sphere,3,2,0.01,17,1,0.0027358531951904297,True,True,True,
sphere,3,2,0.01,18,1,0.002766132354736328,True,True,True,
sphere,3,2,0.01,19,1,0.005383968353271484,True,True,True,
sphere,3,2,0.01,20,1,0.0027246475219726562,True,True,True,
sphere,3,2,0.01,21,1,0.002702474594116211,True,True,True,
sphere,3,2,0.01,22,1,0.005461931228637695,True,True,True,
sphere,3,2,0.01,23,1,0.002738475799560547,True,True,True,
sphere,3,2,0.01,24,1,0.005527973175048828,True,True,True,
sphere,3,2,0.01,25,1,0.0054759979248046875,True,True,True,
sphere,3,2,0.01,26,1,0.005403041839599609,True,True,True,
sphere,3,2,0.01,27,1,0.0055866241455078125,True,True,True,
sphere,3,2,0.01,28,1,0.005594015121459961,True,True,True,
sphere,3,2,0.01,29,1,0.005551576614379883,True,True,True,
sphere,3,2,0.02,0,1,0.0028586387634277344,True,True,True,
sphere,3,2,0.02,1,1,0.002827882766723633,True,True,True,
sphere,3,2,0.02,2,1,0.005467891693115234,True,True,True,
sphere,3,2,0.02,3,1,0.0055158138275146484,True,True,True,
sphere,3,2,0.02,4,1,0.005400419235229492,True,True,True,
sphere,3,2,0.02,5,1,0.0027565956115722656,True,True,True,
sphere,3,2,0.02,6,1,0.0037004947662353516,True,True,True,
sphere,3,2,0.02,7,1,0.005503416061401367,True,True,True,
sphere,3,2,0.02,8,1,0.0054891109466552734,True,True,True,
sphere,3,2,0.02,9,1,0.005475759506225586,True,True,True,
sphere,3,2,0.02,10,1,0.002844572067260742,True,True,True,
sphere,3,2,0.02,11,1,0.002820730209350586,True,True,True,
sphere,3,2,0.02,12,1,0.005580425262451172,True,True,True,
sphere,3,2,0.02,13,1,0.005464076995849609,True,True,True,
sphere,3,2,0.02,14,1,0.005654811859130859,True,True,True,
sphere,3,2,0.02,15,1,0.0028641223907470703,True,True,True,
sphere,3,2,0.02,16,1,0.00552678108215332,True,True,True,
sphere,3,2,0.02,17,1,0.005436897277832031,True,True,True,
sphere,3,2,0.02,18,1,0.0027761459350585938,True,True,True,
sphere,3,2,0.02,19,1,0.00542759895324707,True,True,True,
sphere,3,2,0.02,20,1,0.0027556419372558594,True,True,True,
sphere,3,2,0.02,21,1,0.00557708740234375,True,True,True,
sphere,3,2,0.02,22,1,0.0029366016387939453,True,True,True,
sphere,3,2,0.02,23,1,0.0027132034301757812,True,True,True,
sphere,3,2,0.02,24,1,0.0045337677001953125,True,True,True,
sphere,3,2,0.02,25,1,0.002816915512084961,True,True,True,
sphere,3,2,0.02,26,1,0.005687713623046875,True,True,True,
sphere,3,2,0.02,27,1,0.002824544906616211,True,True,True,
sphere,3,2,0.02,28,1,0.0027229785919189453,True,True,True,
sphere,3,2,0.02,29,1,0.005444526672363281,True,True,True,
cubic_algebraic_toy,2,3,0.0,0,1,0.003522157669067383,True,True,True,
cubic_algebraic_toy,2,3,0.0,1,1,0.002962827682495117,True,True,True,
cubic_algebraic_toy,2,3,0.0,2,1,0.005454301834106445,True,True,True,
cubic_algebraic_toy,2,3,0.0,3,1,0.002794981002807617,True,True,True,
cubic_algebraic_toy,2,3,0.0,4,1,0.005902290344238281,True,True,True,
cubic_algebraic_toy,2,3,0.0,5,1,0.0028095245361328125,True,True,True,
cubic_algebraic_toy,2,3,0.0,6,1,0.0028429031372070312,True,True,True,
cubic_algebraic_toy,2,3,0.0,7,1,0.00545191764831543,True,True,True,
cubic_algebraic_toy,2,3,0.0,8,1,0.002688169479370117,True,True,True,
cubic_algebraic_toy,2,3,0.0,9,1,0.005291938781738281,True,True,True,
cubic_algebraic_toy,2,3,0.0,10,1,0.005469083786010742,True,True,True,
cubic_algebraic_toy,2,3,0.0,11,1,0.005389213562011719,True,True,True,
cubic_algebraic_toy,2,3,0.0,12,1,0.004346609115600586,True,True,True,
cubic_algebraic_toy,2,3,0.0,13,1,0.005275249481201172,True,True,True,
cubic_algebraic_toy,2,3,0.0,14,1,0.003039836883544922,True,True,True,
cubic_algebraic_toy,2,3,0.0,15,1,0.005166292190551758,True,True,True,
cubic_algebraic_toy,2,3,0.0,16,1,0.0028145313262939453,True,True,True,
cubic_algebraic_toy,2,3,0.0,17,1,0.0027174949645996094,True,True,True,
cubic_algebraic_toy,2,3,0.0,18,1,0.005438089370727539,True,True,True,
cubic_algebraic_toy,2,3,0.0,19,1,0.002760648727416992,True,True,True,
cubic_algebraic_toy,2,3,0.0,20,1,0.005435943603515625,True,True,True,
cubic_algebraic_toy,2,3,0.0,21,1,0.005350351333618164,True,True,True,
cubic_algebraic_toy,2,3,0.0,22,1,0.0027840137481689453,True,True,True,
cubic_algebraic_toy,2,3,0.0,23,1,0.005353212356567383,True,True,True,
cubic_algebraic_toy,2,3,0.0,24,1,0.005375385284423828,True,True,True,
cubic_algebraic_toy,2,3,0.0,25,1,0.0027799606323242188,True,True,True,
cubic_algebraic_toy,2,3,0.0,26,1,0.003053426742553711,True,True,True,
cubic_algebraic_toy,2,3,0.0,27,1,0.005286216735839844,True,True,True,
cubic_algebraic_toy,2,3,0.0,28,1,0.0028078556060791016,True,True,True,
cubic_algebraic_toy,2,3,0.0,29,1,0.0027463436126708984,True,True,True,
cubic_algebraic_toy,2,3,0.01,0,3,0.008651494979858398,True,False,False,
cubic_algebraic_toy,2,3,0.01,1,3,0.003999948501586914,True,False,False,
cubic_algebraic_toy,2,3,0.01,2,3,0.003995418548583984,True,False,False,
cubic_algebraic_toy,2,3,0.01,3,3,0.004073381423950195,True,False,False,
cubic_algebraic_toy,2,3,0.01,4,3,0.004187583923339844,True,False,False,
cubic_algebraic_toy,2,3,0.01,5,3,0.004072427749633789,True,False,False,
cubic_algebraic_toy,2,3,0.01,6,3,0.003987550735473633,True,False,False,
cubic_algebraic_toy,2,3,0.01,7,3,0.004225969314575195,True,False,False,
cubic_algebraic_toy,2,3,0.01,8,3,0.0041162967681884766,True,False,False,
cubic_algebraic_toy,2,3,0.01,9,3,0.0041463375091552734,True,False,False,
cubic_algebraic_toy,2,3,0.01,10,3,0.0042247772216796875,True,False,False,
cubic_algebraic_toy,2,3,0.01,11,3,0.0042285919189453125,True,False,False,
cubic_algebraic_toy,2,3,0.01,12,3,0.004140615463256836,True,False,False,
cubic_algebraic_toy,2,3,0.01,13,3,0.00424957275390625,True,False,False,
cubic_algebraic_toy,2,3,0.01,14,3,0.004158973693847656,True,False,False,
cubic_algebraic_toy,2,3,0.01,15,3,0.004683256149291992,True,False,False,
cubic_algebraic_toy,2,3,0.01,16,3,0.003951072692871094,True,False,False,
cubic_algebraic_toy,2,3,0.01,17,3,0.004005908966064453,True,False,False,
cubic_algebraic_toy,2,3,0.01,18,3,0.004654645919799805,True,False,False,
cubic_algebraic_toy,2,3,0.01,19,3,0.004408836364746094,True,False,False,
cubic_algebraic_toy,2,3,0.01,20,3,0.004328727722167969,True,False,False,
cubic_algebraic_toy,2,3,0.01,21,3,0.003993511199951172,True,False,False,
cubic_algebraic_toy,2,3,0.01,22,3,0.004048585891723633,True,False,False,
cubic_algebraic_toy,2,3,0.01,23,3,0.004122018814086914,True,False,False,
cubic_algebraic_toy,2,3,0.01,24,3,0.004199981689453125,True,False,False,
cubic_algebraic_toy,2,3,0.01,25,3,0.004106760025024414,True,False,False,
cubic_algebraic_toy,2,3,0.01,26,3,0.004172563552856445,True,False,False,
cubic_algebraic_toy,2,3,0.01,27,3,0.003972530364990234,True,False,False,
cubic_algebraic_toy,2,3,0.01,28,3,0.0041615962982177734,True,False,False,
cubic_algebraic_toy,2,3,0.01,29,3,0.004144906997680664,True,False,False,
cubic_algebraic_toy,2,3,0.02,0,3,0.0031502246856689453,True,False,False,
cubic_algebraic_toy,2,3,0.02,1,3,0.0028924942016601562,True,False,False,
cubic_algebraic_toy,2,3,0.02,2,3,0.003237009048461914,True,False,False,
cubic_algebraic_toy,2,3,0.02,3,3,0.003211498260498047,True,False,False,
cubic_algebraic_toy,2,3,0.02,4,3,0.0030069351196289062,True,False,False,
cubic_algebraic_toy,2,3,0.02,5,3,0.0028798580169677734,True,False,False,
cubic_algebraic_toy,2,3,0.02,6,3,0.0030133724212646484,True,False,False,
cubic_algebraic_toy,2,3,0.02,7,3,0.002968311309814453,True,False,False,
cubic_algebraic_toy,2,3,0.02,8,3,0.0030832290649414062,True,False,False,
cubic_algebraic_toy,2,3,0.02,9,3,0.003017902374267578,True,False,False,
cubic_algebraic_toy,2,3,0.02,10,3,0.0029752254486083984,True,False,False,
cubic_algebraic_toy,2,3,0.02,11,3,0.0030405521392822266,True,False,False,
cubic_algebraic_toy,2,3,0.02,12,3,0.0033326148986816406,True,False,False,
cubic_algebraic_toy,2,3,0.02,13,3,0.0032601356506347656,True,False,False,
cubic_algebraic_toy,2,3,0.02,14,3,0.003282308578491211,True,False,False,
cubic_algebraic_toy,2,3,0.02,15,3,0.0032739639282226562,True,False,False,
cubic_algebraic_toy,2,3,0.02,16,3,0.0034232139587402344,True,False,False,
cubic_algebraic_toy,2,3,0.02,17,3,0.003245830535888672,True,False,False,
cubic_algebraic_toy,2,3,0.02,18,3,0.0031282901763916016,True,False,False,
cubic_algebraic_toy,2,3,0.02,19,3,0.0032775402069091797,True,False,False,
cubic_algebraic_toy,2,3,0.02,20,3,0.002966165542602539,True,False,False,
cubic_algebraic_toy,2,3,0.02,21,3,0.0029249191284179688,True,False,False,
cubic_algebraic_toy,2,3,0.02,22,3,0.0029001235961914062,True,False,False,
cubic_algebraic_toy,2,3,0.02,23,3,0.003307342529296875,True,False,False,
cubic_algebraic_toy,2,3,0.02,24,3,0.002896547317504883,True,False,False,
cubic_algebraic_toy,2,3,0.02,25,3,0.0030252933502197266,True,False,False,
cubic_algebraic_toy,2,3,0.02,26,3,0.0031371116638183594,True,False,False,
cubic_algebraic_toy,2,3,0.02,27,3,0.0029687881469726562,True,False,False,
cubic_algebraic_toy,2,3,0.02,28,3,0.0030012130737304688,True,False,False,
cubic_algebraic_toy,2,3,0.02,29,3,0.00302886962890625,True,False,False,
kepler_angular_momentum,8,2,0.0,0,3,0.1330094337463379,True,True,True,
kepler_angular_momentum,8,2,0.0,1,3,0.11446547508239746,True,True,True,
kepler_angular_momentum,8,2,0.0,2,3,0.13673114776611328,True,True,True,
kepler_angular_momentum,8,2,0.0,3,3,0.12290406227111816,True,True,True,
kepler_angular_momentum,8,2,0.0,4,3,0.11481189727783203,True,True,True,
kepler_angular_momentum,8,2,0.0,5,3,0.1296687126159668,True,True,True,
kepler_angular_momentum,8,2,0.0,6,3,0.12092876434326172,True,True,True,
kepler_angular_momentum,8,2,0.0,7,3,0.12540817260742188,True,True,True,
kepler_angular_momentum,8,2,0.0,8,3,0.13028168678283691,True,True,True,
kepler_angular_momentum,8,2,0.0,9,3,0.11092114448547363,True,True,True,
kepler_angular_momentum,8,2,0.0,10,3,0.136275053024292,True,True,True,
kepler_angular_momentum,8,2,0.0,11,3,0.12659168243408203,True,True,True,
kepler_angular_momentum,8,2,0.0,12,4,0.1592872142791748,True,True,True,
kepler_angular_momentum,8,2,0.0,13,4,0.13261818885803223,True,True,True,
kepler_angular_momentum,8,2,0.0,14,3,0.11380124092102051,True,True,True,
kepler_angular_momentum,8,2,0.0,15,4,0.1497654914855957,True,True,True,
kepler_angular_momentum,8,2,0.0,16,3,0.14627766609191895,True,True,True,
kepler_angular_momentum,8,2,0.0,17,3,0.1372988224029541,True,True,True,
kepler_angular_momentum,8,2,0.0,18,4,0.14082622528076172,True,True,True,
kepler_angular_momentum,8,2,0.0,19,3,0.1257615089416504,True,True,True,
kepler_angular_momentum,8,2,0.0,20,3,0.13769078254699707,True,True,True,
kepler_angular_momentum,8,2,0.0,21,3,0.1266934871673584,True,True,True,
kepler_angular_momentum,8,2,0.0,22,3,0.1210484504699707,True,True,True,
kepler_angular_momentum,8,2,0.0,23,3,0.11670970916748047,True,True,True,
kepler_angular_momentum,8,2,0.0,24,3,0.1427147388458252,True,True,True,
kepler_angular_momentum,8,2,0.0,25,3,0.12933874130249023,True,True,True,
kepler_angular_momentum,8,2,0.0,26,4,0.12141656875610352,True,True,True,
kepler_angular_momentum,8,2,0.0,27,3,0.13772153854370117,True,True,True,
kepler_angular_momentum,8,2,0.0,28,3,0.12973380088806152,True,True,True,
kepler_angular_momentum,8,2,0.0,29,4,0.14396929740905762,True,True,True,
kepler_angular_momentum,8,2,0.01,0,21,0.11996221542358398,False,False,False,
kepler_angular_momentum,8,2,0.01,1,21,0.08838534355163574,False,False,False,
kepler_angular_momentum,8,2,0.01,2,21,0.0969991683959961,False,False,False,
kepler_angular_momentum,8,2,0.01,3,21,0.10271263122558594,False,False,False,
kepler_angular_momentum,8,2,0.01,4,21,0.09546399116516113,False,False,False,
kepler_angular_momentum,8,2,0.01,5,21,0.12228226661682129,False,False,False,
kepler_angular_momentum,8,2,0.01,6,21,0.11573529243469238,False,False,False,
kepler_angular_momentum,8,2,0.01,7,21,0.10796642303466797,False,False,False,
kepler_angular_momentum,8,2,0.01,8,21,0.11376690864562988,False,False,False,
kepler_angular_momentum,8,2,0.01,9,21,0.10895752906799316,False,False,False,
kepler_angular_momentum,8,2,0.01,10,21,0.12130999565124512,False,False,False,
kepler_angular_momentum,8,2,0.01,11,21,0.1113443374633789,False,False,False,
kepler_angular_momentum,8,2,0.01,12,21,0.10285234451293945,False,False,False,
kepler_angular_momentum,8,2,0.01,13,21,0.13967490196228027,False,False,False,
kepler_angular_momentum,8,2,0.01,14,21,0.10977554321289062,False,False,False,
kepler_angular_momentum,8,2,0.01,15,21,0.11985254287719727,False,False,False,
kepler_angular_momentum,8,2,0.01,16,21,0.10673999786376953,False,False,False,
kepler_angular_momentum,8,2,0.01,17,21,0.12439298629760742,False,False,False,
kepler_angular_momentum,8,2,0.01,18,21,0.08252263069152832,False,False,False,
kepler_angular_momentum,8,2,0.01,19,21,0.08659672737121582,False,False,False,
kepler_angular_momentum,8,2,0.01,20,21,0.12536334991455078,False,False,False,
kepler_angular_momentum,8,2,0.01,21,21,0.11368703842163086,False,False,False,
kepler_angular_momentum,8,2,0.01,22,21,0.09922003746032715,False,False,False,
kepler_angular_momentum,8,2,0.01,23,21,0.1064138412475586,False,False,False,
kepler_angular_momentum,8,2,0.01,24,21,0.11727190017700195,False,False,False,
kepler_angular_momentum,8,2,0.01,25,21,0.1132361888885498,False,False,False,
kepler_angular_momentum,8,2,0.01,26,21,0.12413239479064941,False,False,False,
kepler_angular_momentum,8,2,0.01,27,21,0.12438726425170898,False,False,False,
kepler_angular_momentum,8,2,0.01,28,21,0.11609363555908203,False,False,False,
kepler_angular_momentum,8,2,0.01,29,21,0.08970952033996582,False,False,False,
kepler_angular_momentum,8,2,0.02,0,20,0.09769749641418457,False,False,False,
kepler_angular_momentum,8,2,0.02,1,20,0.07688117027282715,False,False,False,
kepler_angular_momentum,8,2,0.02,2,20,0.09289693832397461,False,False,False,
kepler_angular_momentum,8,2,0.02,3,20,0.08859419822692871,False,False,False,
kepler_angular_momentum,8,2,0.02,4,20,0.07384562492370605,False,False,False,
kepler_angular_momentum,8,2,0.02,5,20,0.07738757133483887,False,False,False,
kepler_angular_momentum,8,2,0.02,6,21,0.08445906639099121,False,False,False,
kepler_angular_momentum,8,2,0.02,7,21,0.0830221176147461,False,False,False,
kepler_angular_momentum,8,2,0.02,8,21,0.09811735153198242,False,False,False,
kepler_angular_momentum,8,2,0.02,9,20,0.07677555084228516,False,False,False,
kepler_angular_momentum,8,2,0.02,10,21,0.08923912048339844,False,False,False,
kepler_angular_momentum,8,2,0.02,11,20,0.09198737144470215,False,False,False,
kepler_angular_momentum,8,2,0.02,12,20,0.06040763854980469,False,False,False,
kepler_angular_momentum,8,2,0.02,13,20,0.08094310760498047,False,False,False,
kepler_angular_momentum,8,2,0.02,14,20,0.08577132225036621,False,False,False,
kepler_angular_momentum,8,2,0.02,15,20,0.09431052207946777,False,False,False,
kepler_angular_momentum,8,2,0.02,16,20,0.10211181640625,False,False,False,
kepler_angular_momentum,8,2,0.02,17,22,0.12710976600646973,False,False,False,
kepler_angular_momentum,8,2,0.02,18,21,0.07257604598999023,False,False,False,
kepler_angular_momentum,8,2,0.02,19,20,0.09497785568237305,False,False,False,
kepler_angular_momentum,8,2,0.02,20,21,0.09144854545593262,False,False,False,
kepler_angular_momentum,8,2,0.02,21,22,0.1271052360534668,False,False,False,
kepler_angular_momentum,8,2,0.02,22,20,0.09493875503540039,False,False,False,
kepler_angular_momentum,8,2,0.02,23,20,0.09592413902282715,False,False,False,
kepler_angular_momentum,8,2,0.02,24,20,0.09383773803710938,False,False,False,
kepler_angular_momentum,8,2,0.02,25,20,0.07407021522521973,False,False,False,
kepler_angular_momentum,8,2,0.02,26,20,0.1025397777557373,False,False,False,
kepler_angular_momentum,8,2,0.02,27,20,0.09727120399475098,False,False,False,
kepler_angular_momentum,8,2,0.02,28,20,0.07804656028747559,False,False,False,
kepler_angular_momentum,8,2,0.02,29,20,0.0713338851928711,False,False,False,
harmonic_oscillator_2d,4,2,0.0,0,7,0.005761861801147461,True,False,False,
harmonic_oscillator_2d,4,2,0.0,1,7,0.004690885543823242,True,False,False,
harmonic_oscillator_2d,4,2,0.0,2,7,0.004796504974365234,True,False,False,
harmonic_oscillator_2d,4,2,0.0,3,7,0.004792928695678711,True,False,False,
harmonic_oscillator_2d,4,2,0.0,4,7,0.004919767379760742,True,False,False,
harmonic_oscillator_2d,4,2,0.0,5,7,0.0049762725830078125,True,False,False,
harmonic_oscillator_2d,4,2,0.0,6,7,0.0048122406005859375,True,False,False,
harmonic_oscillator_2d,4,2,0.0,7,7,0.004742145538330078,True,False,False,
harmonic_oscillator_2d,4,2,0.0,8,7,0.004979133605957031,True,False,False,
harmonic_oscillator_2d,4,2,0.0,9,7,0.00485992431640625,True,False,False,
harmonic_oscillator_2d,4,2,0.0,10,7,0.005346775054931641,True,False,False,
harmonic_oscillator_2d,4,2,0.0,11,7,0.005155086517333984,True,False,False,
harmonic_oscillator_2d,4,2,0.0,12,7,0.005000591278076172,True,False,False,
harmonic_oscillator_2d,4,2,0.0,13,7,0.004946470260620117,True,False,False,
harmonic_oscillator_2d,4,2,0.0,14,7,0.004802703857421875,True,False,False,
harmonic_oscillator_2d,4,2,0.0,15,7,0.004829883575439453,True,False,False,
harmonic_oscillator_2d,4,2,0.0,16,7,0.005106210708618164,True,False,False,
harmonic_oscillator_2d,4,2,0.0,17,7,0.004818439483642578,True,False,False,
harmonic_oscillator_2d,4,2,0.0,18,7,0.004856586456298828,True,False,False,
harmonic_oscillator_2d,4,2,0.0,19,7,0.0048673152923583984,True,False,False,
harmonic_oscillator_2d,4,2,0.0,20,7,0.004923105239868164,True,False,False,
harmonic_oscillator_2d,4,2,0.0,21,7,0.004966259002685547,True,False,False,
harmonic_oscillator_2d,4,2,0.0,22,7,0.0047838687896728516,True,False,False,
harmonic_oscillator_2d,4,2,0.0,23,7,0.006014347076416016,True,False,False,
harmonic_oscillator_2d,4,2,0.0,24,7,0.004896879196166992,True,False,False,
harmonic_oscillator_2d,4,2,0.0,25,7,0.004973888397216797,True,False,False,
harmonic_oscillator_2d,4,2,0.0,26,7,0.004814863204956055,True,False,False,
harmonic_oscillator_2d,4,2,0.0,27,7,0.00486445426940918,True,False,False,
harmonic_oscillator_2d,4,2,0.0,28,7,0.0048542022705078125,True,False,False,
harmonic_oscillator_2d,4,2,0.0,29,7,0.004830837249755859,True,False,False,
harmonic_oscillator_2d,4,2,0.01,0,4,0.0051136016845703125,False,False,False,
harmonic_oscillator_2d,4,2,0.01,1,4,0.005036830902099609,False,False,False,
harmonic_oscillator_2d,4,2,0.01,2,7,0.0052263736724853516,False,False,False,
harmonic_oscillator_2d,4,2,0.01,3,4,0.0051648616790771484,False,False,False,
harmonic_oscillator_2d,4,2,0.01,4,7,0.00493931770324707,False,False,False,
harmonic_oscillator_2d,4,2,0.01,5,7,0.004825592041015625,False,False,False,
harmonic_oscillator_2d,4,2,0.01,6,7,0.00511479377746582,False,False,False,
harmonic_oscillator_2d,4,2,0.01,7,7,0.004984140396118164,False,False,False,
harmonic_oscillator_2d,4,2,0.01,8,7,0.004986763000488281,False,False,False,
harmonic_oscillator_2d,4,2,0.01,9,7,0.004983425140380859,False,False,False,
harmonic_oscillator_2d,4,2,0.01,10,7,0.0049669742584228516,False,False,False,
harmonic_oscillator_2d,4,2,0.01,11,7,0.005023002624511719,False,False,False,
harmonic_oscillator_2d,4,2,0.01,12,7,0.004855632781982422,False,False,False,
harmonic_oscillator_2d,4,2,0.01,13,7,0.004974842071533203,False,False,False,
harmonic_oscillator_2d,4,2,0.01,14,4,0.005092620849609375,False,False,False,
harmonic_oscillator_2d,4,2,0.01,15,7,0.004960060119628906,False,False,False,
harmonic_oscillator_2d,4,2,0.01,16,5,0.0051839351654052734,False,False,False,
harmonic_oscillator_2d,4,2,0.01,17,4,0.004972219467163086,False,False,False,
harmonic_oscillator_2d,4,2,0.01,18,3,0.012647628784179688,False,False,False,
harmonic_oscillator_2d,4,2,0.01,19,7,0.004842996597290039,False,False,False,
harmonic_oscillator_2d,4,2,0.01,20,7,0.005040645599365234,False,False,False,
harmonic_oscillator_2d,4,2,0.01,21,7,0.004827976226806641,False,False,False,
harmonic_oscillator_2d,4,2,0.01,22,6,0.005634784698486328,False,False,False,
harmonic_oscillator_2d,4,2,0.01,23,7,0.005026817321777344,False,False,False,
harmonic_oscillator_2d,4,2,0.01,24,7,0.005283355712890625,False,False,False,
harmonic_oscillator_2d,4,2,0.01,25,7,0.0048749446868896484,False,False,False,
harmonic_oscillator_2d,4,2,0.01,26,3,0.014645099639892578,False,False,False,
harmonic_oscillator_2d,4,2,0.01,27,6,0.005666494369506836,False,False,False,
harmonic_oscillator_2d,4,2,0.01,28,4,0.005097627639770508,False,False,False,
harmonic_oscillator_2d,4,2,0.01,29,7,0.004895925521850586,False,False,False,
harmonic_oscillator_2d,4,2,0.02,0,4,0.005202293395996094,False,False,False,
harmonic_oscillator_2d,4,2,0.02,1,4,0.005350351333618164,False,False,False,
harmonic_oscillator_2d,4,2,0.02,2,7,0.005011081695556641,False,False,False,
harmonic_oscillator_2d,4,2,0.02,3,4,0.005034446716308594,False,False,False,
harmonic_oscillator_2d,4,2,0.02,4,7,0.004945516586303711,False,False,False,
harmonic_oscillator_2d,4,2,0.02,5,7,0.004866123199462891,False,False,False,
harmonic_oscillator_2d,4,2,0.02,6,7,0.005284786224365234,False,False,False,
harmonic_oscillator_2d,4,2,0.02,7,7,0.00492405891418457,False,False,False,
harmonic_oscillator_2d,4,2,0.02,8,7,0.005182743072509766,False,False,False,
harmonic_oscillator_2d,4,2,0.02,9,7,0.005301713943481445,False,False,False,
harmonic_oscillator_2d,4,2,0.02,10,7,0.004967927932739258,False,False,False,
harmonic_oscillator_2d,4,2,0.02,11,7,0.005128622055053711,False,False,False,
harmonic_oscillator_2d,4,2,0.02,12,7,0.004854440689086914,False,False,False,
harmonic_oscillator_2d,4,2,0.02,13,7,0.005087137222290039,False,False,False,
harmonic_oscillator_2d,4,2,0.02,14,4,0.00532841682434082,False,False,False,
harmonic_oscillator_2d,4,2,0.02,15,7,0.004976511001586914,False,False,False,
harmonic_oscillator_2d,4,2,0.02,16,5,0.0056269168853759766,False,False,False,
harmonic_oscillator_2d,4,2,0.02,17,4,0.0049932003021240234,False,False,False,
harmonic_oscillator_2d,4,2,0.02,18,3,0.008701086044311523,False,False,False,
harmonic_oscillator_2d,4,2,0.02,19,7,0.004996061325073242,False,False,False,
harmonic_oscillator_2d,4,2,0.02,20,7,0.004989147186279297,False,False,False,
harmonic_oscillator_2d,4,2,0.02,21,7,0.004991292953491211,False,False,False,
harmonic_oscillator_2d,4,2,0.02,22,6,0.0056209564208984375,False,False,False,
harmonic_oscillator_2d,4,2,0.02,23,7,0.005114316940307617,False,False,False,
harmonic_oscillator_2d,4,2,0.02,24,7,0.00499415397644043,False,False,False,
harmonic_oscillator_2d,4,2,0.02,25,7,0.004911661148071289,False,False,False,
harmonic_oscillator_2d,4,2,0.02,26,3,0.01728343963623047,False,False,False,
harmonic_oscillator_2d,4,2,0.02,27,7,0.004994392395019531,False,False,False,
harmonic_oscillator_2d,4,2,0.02,28,4,0.005029439926147461,False,False,False,
harmonic_oscillator_2d,4,2,0.02,29,7,0.004958629608154297,False,False,False,
feynman_circle_locus,3,2,0.0,0,1,0.003541231155395508,True,True,True,
feynman_circle_locus,3,2,0.0,1,1,0.0032465457916259766,True,True,True,
feynman_circle_locus,3,2,0.0,2,1,0.0054302215576171875,True,True,True,
feynman_circle_locus,3,2,0.0,3,1,0.005280256271362305,True,True,True,
feynman_circle_locus,3,2,0.0,4,1,0.005285978317260742,True,True,True,
feynman_circle_locus,3,2,0.0,5,1,0.002666473388671875,True,True,True,
feynman_circle_locus,3,2,0.0,6,1,0.0052988529205322266,True,True,True,
feynman_circle_locus,3,2,0.0,7,1,0.005228757858276367,True,True,True,
feynman_circle_locus,3,2,0.0,8,1,0.0052530765533447266,True,True,True,
feynman_circle_locus,3,2,0.0,9,1,0.005279541015625,True,True,True,
feynman_circle_locus,3,2,0.0,10,1,0.005227327346801758,True,True,True,
feynman_circle_locus,3,2,0.0,11,1,0.00525355339050293,True,True,True,
feynman_circle_locus,3,2,0.0,12,1,0.0052487850189208984,True,True,True,
feynman_circle_locus,3,2,0.0,13,1,0.0032241344451904297,True,True,True,
feynman_circle_locus,3,2,0.0,14,1,0.00524449348449707,True,True,True,
feynman_circle_locus,3,2,0.0,15,1,0.0026998519897460938,True,True,True,
feynman_circle_locus,3,2,0.0,16,1,0.005320549011230469,True,True,True,
feynman_circle_locus,3,2,0.0,17,1,0.0052928924560546875,True,True,True,
feynman_circle_locus,3,2,0.0,18,1,0.002672910690307617,True,True,True,
feynman_circle_locus,3,2,0.0,19,1,0.005333662033081055,True,True,True,
feynman_circle_locus,3,2,0.0,20,1,0.0051729679107666016,True,True,True,
feynman_circle_locus,3,2,0.0,21,1,0.002618551254272461,True,True,True,
feynman_circle_locus,3,2,0.0,22,1,0.0052988529205322266,True,True,True,
feynman_circle_locus,3,2,0.0,23,1,0.005284309387207031,True,True,True,
feynman_circle_locus,3,2,0.0,24,1,0.005239248275756836,True,True,True,
feynman_circle_locus,3,2,0.0,25,1,0.005358219146728516,True,True,True,
feynman_circle_locus,3,2,0.0,26,1,0.0050907135009765625,True,True,True,
feynman_circle_locus,3,2,0.0,27,1,0.0052907466888427734,True,True,True,
feynman_circle_locus,3,2,0.0,28,1,0.004878997802734375,True,True,True,
feynman_circle_locus,3,2,0.0,29,1,0.005182981491088867,True,True,True,
feynman_circle_locus,3,2,0.01,0,1,0.005553722381591797,True,True,True,
feynman_circle_locus,3,2,0.01,1,1,0.005339145660400391,True,True,True,
feynman_circle_locus,3,2,0.01,2,1,0.005532503128051758,True,True,True,
feynman_circle_locus,3,2,0.01,3,1,0.005442380905151367,True,True,True,
feynman_circle_locus,3,2,0.01,4,1,0.005379676818847656,True,True,True,
feynman_circle_locus,3,2,0.01,5,1,0.0027818679809570312,True,True,True,
feynman_circle_locus,3,2,0.01,6,1,0.005572795867919922,True,True,True,
feynman_circle_locus,3,2,0.01,7,1,0.004773378372192383,True,True,True,
feynman_circle_locus,3,2,0.01,8,1,0.0054552555084228516,True,True,True,
feynman_circle_locus,3,2,0.01,9,1,0.005522727966308594,True,True,True,
feynman_circle_locus,3,2,0.01,10,1,0.005681753158569336,True,True,True,
feynman_circle_locus,3,2,0.01,11,1,0.002986907958984375,True,True,True,
feynman_circle_locus,3,2,0.01,12,1,0.0055084228515625,True,True,True,
feynman_circle_locus,3,2,0.01,13,1,0.005510807037353516,True,True,True,
feynman_circle_locus,3,2,0.01,14,1,0.00499272346496582,True,True,True,
feynman_circle_locus,3,2,0.01,15,1,0.003338336944580078,True,True,True,
feynman_circle_locus,3,2,0.01,16,1,0.0027430057525634766,True,True,True,
feynman_circle_locus,3,2,0.01,17,1,0.0055348873138427734,True,True,True,
feynman_circle_locus,3,2,0.01,18,1,0.005493879318237305,True,True,True,
feynman_circle_locus,3,2,0.01,19,1,0.005573749542236328,True,True,True,
feynman_circle_locus,3,2,0.01,20,1,0.004242420196533203,True,True,True,
feynman_circle_locus,3,2,0.01,21,1,0.0053060054779052734,True,True,True,
feynman_circle_locus,3,2,0.01,22,1,0.0028409957885742188,True,True,True,
feynman_circle_locus,3,2,0.01,23,1,0.005544185638427734,True,True,True,
feynman_circle_locus,3,2,0.01,24,1,0.005565643310546875,True,True,True,
feynman_circle_locus,3,2,0.01,25,1,0.005646705627441406,True,True,True,
feynman_circle_locus,3,2,0.01,26,1,0.005507469177246094,True,True,True,
feynman_circle_locus,3,2,0.01,27,1,0.005603790283203125,True,True,True,
feynman_circle_locus,3,2,0.01,28,1,0.005565643310546875,True,True,True,
feynman_circle_locus,3,2,0.01,29,1,0.005399227142333984,True,True,True,
feynman_circle_locus,3,2,0.02,0,1,0.005801677703857422,True,True,True,
feynman_circle_locus,3,2,0.02,1,1,0.005431413650512695,True,True,True,
feynman_circle_locus,3,2,0.02,2,1,0.005675554275512695,True,True,True,
feynman_circle_locus,3,2,0.02,3,1,0.005594491958618164,True,True,True,
feynman_circle_locus,3,2,0.02,4,1,0.005637645721435547,True,True,True,
feynman_circle_locus,3,2,0.02,5,1,0.005882740020751953,True,False,False,
feynman_circle_locus,3,2,0.02,6,1,0.0030205249786376953,True,True,True,
feynman_circle_locus,3,2,0.02,7,1,0.005819559097290039,True,True,True,
feynman_circle_locus,3,2,0.02,8,1,0.0055370330810546875,True,True,True,
feynman_circle_locus,3,2,0.02,9,1,0.0027980804443359375,True,True,True,
feynman_circle_locus,3,2,0.02,10,1,0.005646705627441406,True,True,True,
feynman_circle_locus,3,2,0.02,11,1,0.005512237548828125,True,True,True,
feynman_circle_locus,3,2,0.02,12,1,0.005571126937866211,True,True,True,
feynman_circle_locus,3,2,0.02,13,1,0.005618095397949219,True,True,True,
feynman_circle_locus,3,2,0.02,14,1,0.005544900894165039,True,True,True,
feynman_circle_locus,3,2,0.02,15,1,0.002879619598388672,True,True,True,
feynman_circle_locus,3,2,0.02,16,1,0.005653858184814453,True,True,True,
feynman_circle_locus,3,2,0.02,17,1,0.005661487579345703,True,True,True,
feynman_circle_locus,3,2,0.02,18,1,0.004218339920043945,True,True,True,
feynman_circle_locus,3,2,0.02,19,1,0.0057294368743896484,True,True,True,
feynman_circle_locus,3,2,0.02,20,1,0.0028884410858154297,True,True,True,
feynman_circle_locus,3,2,0.02,21,1,0.005377769470214844,True,True,True,
feynman_circle_locus,3,2,0.02,22,1,0.0056438446044921875,True,True,True,
feynman_circle_locus,3,2,0.02,23,1,0.005545139312744141,True,True,True,
feynman_circle_locus,3,2,0.02,24,1,0.002811908721923828,True,True,True,
feynman_circle_locus,3,2,0.02,25,1,0.0028743743896484375,True,True,True,
feynman_circle_locus,3,2,0.02,26,1,0.0054931640625,True,True,True,
feynman_circle_locus,3,2,0.02,27,1,0.005751848220825195,True,True,True,
feynman_circle_locus,3,2,0.02,28,1,0.002878427505493164,True,True,True,
feynman_circle_locus,3,2,0.02,29,1,0.005616426467895508,True,True,True,
feynman_newtons_second_law,3,2,0.0,0,1,0.0031075477600097656,True,True,True,
feynman_newtons_second_law,3,2,0.0,1,1,0.0047605037689208984,True,True,True,
feynman_newtons_second_law,3,2,0.0,2,1,0.004813194274902344,True,True,True,
feynman_newtons_second_law,3,2,0.0,3,1,0.00480961799621582,True,True,True,
feynman_newtons_second_law,3,2,0.0,4,1,0.002408742904663086,True,True,True,
feynman_newtons_second_law,3,2,0.0,5,1,0.004648447036743164,True,True,True,
feynman_newtons_second_law,3,2,0.0,6,1,0.004795551300048828,True,True,True,
feynman_newtons_second_law,3,2,0.0,7,1,0.00474095344543457,True,True,True,
feynman_newtons_second_law,3,2,0.0,8,1,0.004769086837768555,True,True,True,
feynman_newtons_second_law,3,2,0.0,9,1,0.0047991275787353516,True,True,True,
feynman_newtons_second_law,3,2,0.0,10,1,0.004786252975463867,True,True,True,
feynman_newtons_second_law,3,2,0.0,11,1,0.004678010940551758,True,True,True,
feynman_newtons_second_law,3,2,0.0,12,1,0.002396106719970703,True,True,True,
feynman_newtons_second_law,3,2,0.0,13,1,0.0023572444915771484,True,True,True,
feynman_newtons_second_law,3,2,0.0,14,1,0.0047533512115478516,True,True,True,
feynman_newtons_second_law,3,2,0.0,15,1,0.004894733428955078,True,True,True,
feynman_newtons_second_law,3,2,0.0,16,1,0.004833221435546875,True,True,True,
feynman_newtons_second_law,3,2,0.0,17,1,0.0024573802947998047,True,True,True,
feynman_newtons_second_law,3,2,0.0,18,1,0.004671573638916016,True,True,True,
feynman_newtons_second_law,3,2,0.0,19,1,0.004669189453125,True,True,True,
feynman_newtons_second_law,3,2,0.0,20,1,0.004803180694580078,True,True,True,
feynman_newtons_second_law,3,2,0.0,21,1,0.00473475456237793,True,True,True,
feynman_newtons_second_law,3,2,0.0,22,1,0.0023882389068603516,True,True,True,
feynman_newtons_second_law,3,2,0.0,23,1,0.0023651123046875,True,True,True,
feynman_newtons_second_law,3,2,0.0,24,1,0.004828214645385742,True,True,True,
feynman_newtons_second_law,3,2,0.0,25,1,0.0047070980072021484,True,True,True,
feynman_newtons_second_law,3,2,0.0,26,1,0.0048825740814208984,True,True,True,
feynman_newtons_second_law,3,2,0.0,27,1,0.0032682418823242188,True,True,True,
feynman_newtons_second_law,3,2,0.0,28,1,0.0024285316467285156,True,True,True,
feynman_newtons_second_law,3,2,0.0,29,1,0.004803657531738281,True,True,True,
feynman_newtons_second_law,3,2,0.01,0,1,0.004795074462890625,True,True,True,
feynman_newtons_second_law,3,2,0.01,1,1,0.004752159118652344,True,True,True,
feynman_newtons_second_law,3,2,0.01,2,1,0.004659414291381836,True,True,True,
feynman_newtons_second_law,3,2,0.01,3,1,0.004721641540527344,True,True,True,
feynman_newtons_second_law,3,2,0.01,4,1,0.004686594009399414,True,True,True,
feynman_newtons_second_law,3,2,0.01,5,1,0.004776716232299805,True,True,True,
feynman_newtons_second_law,3,2,0.01,6,1,0.002688169479370117,True,True,True,
feynman_newtons_second_law,3,2,0.01,7,1,0.0032935142517089844,True,True,True,
feynman_newtons_second_law,3,2,0.01,8,1,0.002485990524291992,True,True,True,
feynman_newtons_second_law,3,2,0.01,9,1,0.004759073257446289,True,True,True,
feynman_newtons_second_law,3,2,0.01,10,1,0.004640817642211914,True,True,True,
feynman_newtons_second_law,3,2,0.01,11,1,0.004870891571044922,True,True,True,
feynman_newtons_second_law,3,2,0.01,12,1,0.004831790924072266,True,True,True,
feynman_newtons_second_law,3,2,0.01,13,1,0.0024590492248535156,True,True,True,
feynman_newtons_second_law,3,2,0.01,14,1,0.0049591064453125,True,True,True,
feynman_newtons_second_law,3,2,0.01,15,1,0.004846811294555664,True,True,True,
feynman_newtons_second_law,3,2,0.01,16,1,0.0024182796478271484,True,True,True,
feynman_newtons_second_law,3,2,0.01,17,1,0.0034863948822021484,True,True,True,
feynman_newtons_second_law,3,2,0.01,18,1,0.004734039306640625,True,True,True,
feynman_newtons_second_law,3,2,0.01,19,1,0.002415180206298828,True,True,True,
feynman_newtons_second_law,3,2,0.01,20,1,0.004841804504394531,True,True,True,
feynman_newtons_second_law,3,2,0.01,21,1,0.004779815673828125,True,True,True,
feynman_newtons_second_law,3,2,0.01,22,1,0.004706144332885742,True,True,True,
feynman_newtons_second_law,3,2,0.01,23,1,0.002490520477294922,True,True,True,
feynman_newtons_second_law,3,2,0.01,24,1,0.004729032516479492,True,True,True,
feynman_newtons_second_law,3,2,0.01,25,1,0.00467371940612793,True,True,True,
feynman_newtons_second_law,3,2,0.01,26,1,0.004698038101196289,True,True,True,
feynman_newtons_second_law,3,2,0.01,27,1,0.00473475456237793,True,True,True,
feynman_newtons_second_law,3,2,0.01,28,1,0.0042459964752197266,True,True,True,
feynman_newtons_second_law,3,2,0.01,29,1,0.00479435920715332,True,True,True,
feynman_newtons_second_law,3,2,0.02,0,2,0.006527900695800781,True,True,True,
feynman_newtons_second_law,3,2,0.02,1,2,0.006215810775756836,True,True,True,
feynman_newtons_second_law,3,2,0.02,2,2,0.0029039382934570312,True,True,True,
feynman_newtons_second_law,3,2,0.02,3,2,0.006161928176879883,True,True,True,
feynman_newtons_second_law,3,2,0.02,4,2,0.0060617923736572266,True,True,True,
feynman_newtons_second_law,3,2,0.02,5,2,0.0058498382568359375,True,True,True,
feynman_newtons_second_law,3,2,0.02,6,2,0.002890348434448242,True,True,True,
feynman_newtons_second_law,3,2,0.02,7,2,0.006354093551635742,True,True,True,
feynman_newtons_second_law,3,2,0.02,8,2,0.005965709686279297,True,True,True,
feynman_newtons_second_law,3,2,0.02,9,2,0.005918264389038086,True,True,True,
feynman_newtons_second_law,3,2,0.02,10,2,0.00597691535949707,True,True,True,
feynman_newtons_second_law,3,2,0.02,11,2,0.0029344558715820312,True,True,True,
feynman_newtons_second_law,3,2,0.02,12,2,0.0058841705322265625,True,True,True,
feynman_newtons_second_law,3,2,0.02,13,2,0.005839824676513672,True,True,True,
feynman_newtons_second_law,3,2,0.02,14,2,0.005989789962768555,True,True,True,
feynman_newtons_second_law,3,2,0.02,15,2,0.005926609039306641,True,True,True,
feynman_newtons_second_law,3,2,0.02,16,2,0.002894163131713867,True,True,True,
feynman_newtons_second_law,3,2,0.02,17,2,0.006432533264160156,True,True,True,
feynman_newtons_second_law,3,2,0.02,18,2,0.006002902984619141,True,True,True,
feynman_newtons_second_law,3,2,0.02,19,2,0.005986928939819336,True,True,True,
feynman_newtons_second_law,3,2,0.02,20,2,0.002872943878173828,True,True,True,
feynman_newtons_second_law,3,2,0.02,21,2,0.005884408950805664,True,True,True,
feynman_newtons_second_law,3,2,0.02,22,2,0.0063323974609375,True,True,True,
feynman_newtons_second_law,3,2,0.02,23,2,0.006189584732055664,True,True,True,
feynman_newtons_second_law,3,2,0.02,24,2,0.002922534942626953,True,True,True,
feynman_newtons_second_law,3,2,0.02,25,2,0.0029006004333496094,True,True,True,
feynman_newtons_second_law,3,2,0.02,26,2,0.0028922557830810547,True,True,True,
feynman_newtons_second_law,3,2,0.02,27,2,0.0058917999267578125,True,True,True,
feynman_newtons_second_law,3,2,0.02,28,2,0.006111860275268555,True,True,True,
feynman_newtons_second_law,3,2,0.02,29,2,0.0060269832611083984,True,True,True,
feynman_angular_momentum_2d,5,2,0.0,0,1,0.014418363571166992,True,True,True,
feynman_angular_momentum_2d,5,2,0.0,1,1,0.020201921463012695,True,True,True,
feynman_angular_momentum_2d,5,2,0.0,2,1,0.013814926147460938,True,True,True,
feynman_angular_momentum_2d,5,2,0.0,3,1,0.013712406158447266,True,True,True,
feynman_angular_momentum_2d,5,2,0.0,4,1,0.013386011123657227,True,True,True,
feynman_angular_momentum_2d,5,2,0.0,5,1,0.014586687088012695,True,True,True,
feynman_angular_momentum_2d,5,2,0.0,6,1,0.014020204544067383,True,True,True,
feynman_angular_momentum_2d,5,2,0.0,7,1,0.013900279998779297,True,True,True,
feynman_angular_momentum_2d,5,2,0.0,8,1,0.013942956924438477,True,True,True,
feynman_angular_momentum_2d,5,2,0.0,9,1,0.013937711715698242,True,True,True,
feynman_angular_momentum_2d,5,2,0.0,10,1,0.013924360275268555,True,True,True,
feynman_angular_momentum_2d,5,2,0.0,11,1,0.013762712478637695,True,True,True,
feynman_angular_momentum_2d,5,2,0.0,12,1,0.013689517974853516,True,True,True,
feynman_angular_momentum_2d,5,2,0.0,13,1,0.02092289924621582,True,True,True,
feynman_angular_momentum_2d,5,2,0.0,14,1,0.020338773727416992,True,True,True,
feynman_angular_momentum_2d,5,2,0.0,15,1,0.02059340476989746,True,True,True,
feynman_angular_momentum_2d,5,2,0.0,16,1,0.020455598831176758,True,True,True,
feynman_angular_momentum_2d,5,2,0.0,17,1,0.020624637603759766,True,True,True,
feynman_angular_momentum_2d,5,2,0.0,18,1,0.013868331909179688,True,True,True,
feynman_angular_momentum_2d,5,2,0.0,19,1,0.013747215270996094,True,True,True,
feynman_angular_momentum_2d,5,2,0.0,20,1,0.013741731643676758,True,True,True,
feynman_angular_momentum_2d,5,2,0.0,21,1,0.020566940307617188,True,True,True,
feynman_angular_momentum_2d,5,2,0.0,22,1,0.021699190139770508,True,True,True,
feynman_angular_momentum_2d,5,2,0.0,23,1,0.013835906982421875,True,True,True,
feynman_angular_momentum_2d,5,2,0.0,24,1,0.014115571975708008,True,True,True,
feynman_angular_momentum_2d,5,2,0.0,25,1,0.01359248161315918,True,True,True,
feynman_angular_momentum_2d,5,2,0.0,26,1,0.013776063919067383,True,True,True,
feynman_angular_momentum_2d,5,2,0.0,27,1,0.013885974884033203,True,True,True,
feynman_angular_momentum_2d,5,2,0.0,28,1,0.014876842498779297,True,True,True,
feynman_angular_momentum_2d,5,2,0.0,29,1,0.01396799087524414,True,True,True,
feynman_angular_momentum_2d,5,2,0.01,0,1,0.013843059539794922,True,True,True,
feynman_angular_momentum_2d,5,2,0.01,1,1,0.01395416259765625,True,True,True,
feynman_angular_momentum_2d,5,2,0.01,2,1,0.013852119445800781,True,True,True,
feynman_angular_momentum_2d,5,2,0.01,3,1,0.014098405838012695,True,True,True,
feynman_angular_momentum_2d,5,2,0.01,4,1,0.013873815536499023,True,True,True,
feynman_angular_momentum_2d,5,2,0.01,5,1,0.013797521591186523,True,True,True,
feynman_angular_momentum_2d,5,2,0.01,6,1,0.013848543167114258,True,True,True,
feynman_angular_momentum_2d,5,2,0.01,7,1,0.013814926147460938,True,True,True,
feynman_angular_momentum_2d,5,2,0.01,8,1,0.0138397216796875,True,True,True,
feynman_angular_momentum_2d,5,2,0.01,9,1,0.014037132263183594,True,True,True,
feynman_angular_momentum_2d,5,2,0.01,10,1,0.01376962661743164,True,True,True,
feynman_angular_momentum_2d,5,2,0.01,11,1,0.013752460479736328,True,True,True,
feynman_angular_momentum_2d,5,2,0.01,12,1,0.013755559921264648,True,True,True,
feynman_angular_momentum_2d,5,2,0.01,13,1,0.013909578323364258,True,True,True,
feynman_angular_momentum_2d,5,2,0.01,14,1,0.013793230056762695,True,True,True,
feynman_angular_momentum_2d,5,2,0.01,15,1,0.013708114624023438,True,True,True,
feynman_angular_momentum_2d,5,2,0.01,16,1,0.013758420944213867,True,True,True,
feynman_angular_momentum_2d,5,2,0.01,17,1,0.013822555541992188,True,True,True,
feynman_angular_momentum_2d,5,2,0.01,18,1,0.01467585563659668,True,True,True,
feynman_angular_momentum_2d,5,2,0.01,19,1,0.013805866241455078,True,True,True,
feynman_angular_momentum_2d,5,2,0.01,20,1,0.013908863067626953,True,True,True,
feynman_angular_momentum_2d,5,2,0.01,21,1,0.013767480850219727,True,True,True,
feynman_angular_momentum_2d,5,2,0.01,22,1,0.013791084289550781,True,True,True,
feynman_angular_momentum_2d,5,2,0.01,23,1,0.013667821884155273,True,True,True,
feynman_angular_momentum_2d,5,2,0.01,24,1,0.013852357864379883,True,True,True,
feynman_angular_momentum_2d,5,2,0.01,25,1,0.013702154159545898,True,True,True,
feynman_angular_momentum_2d,5,2,0.01,26,1,0.013794183731079102,True,True,True,
feynman_angular_momentum_2d,5,2,0.01,27,1,0.01385354995727539,True,True,True,
feynman_angular_momentum_2d,5,2,0.01,28,1,0.013764619827270508,True,True,True,
feynman_angular_momentum_2d,5,2,0.01,29,1,0.013965129852294922,True,True,True,
feynman_angular_momentum_2d,5,2,0.02,0,1,0.013939619064331055,True,True,True,
feynman_angular_momentum_2d,5,2,0.02,1,1,0.01395559310913086,True,True,True,
feynman_angular_momentum_2d,5,2,0.02,2,1,0.014024972915649414,True,True,True,
feynman_angular_momentum_2d,5,2,0.02,3,1,0.013913393020629883,True,True,True,
feynman_angular_momentum_2d,5,2,0.02,4,1,0.013888835906982422,True,True,True,
feynman_angular_momentum_2d,5,2,0.02,5,1,0.014151573181152344,True,True,True,
feynman_angular_momentum_2d,5,2,0.02,6,1,0.013916492462158203,True,True,True,
feynman_angular_momentum_2d,5,2,0.02,7,1,0.013944625854492188,True,True,True,
feynman_angular_momentum_2d,5,2,0.02,8,1,0.014124631881713867,True,True,True,
feynman_angular_momentum_2d,5,2,0.02,9,1,0.013943910598754883,True,True,True,
feynman_angular_momentum_2d,5,2,0.02,10,1,0.013865470886230469,True,True,True,
feynman_angular_momentum_2d,5,2,0.02,11,1,0.013795614242553711,True,True,True,
feynman_angular_momentum_2d,5,2,0.02,12,1,0.013890743255615234,True,True,True,
feynman_angular_momentum_2d,5,2,0.02,13,1,0.013817310333251953,True,True,True,
feynman_angular_momentum_2d,5,2,0.02,14,1,0.014154911041259766,True,True,True,
feynman_angular_momentum_2d,5,2,0.02,15,1,0.013952016830444336,True,True,True,
feynman_angular_momentum_2d,5,2,0.02,16,1,0.01367330551147461,True,True,True,
feynman_angular_momentum_2d,5,2,0.02,17,1,0.013829469680786133,True,True,True,
feynman_angular_momentum_2d,5,2,0.02,18,1,0.014107704162597656,True,True,True,
feynman_angular_momentum_2d,5,2,0.02,19,1,0.013931989669799805,True,True,True,
feynman_angular_momentum_2d,5,2,0.02,20,1,0.0139617919921875,True,True,True,
feynman_angular_momentum_2d,5,2,0.02,21,1,0.013802528381347656,True,True,True,
feynman_angular_momentum_2d,5,2,0.02,22,1,0.013854265213012695,True,True,True,
feynman_angular_momentum_2d,5,2,0.02,23,1,0.013822793960571289,True,True,True,
feynman_angular_momentum_2d,5,2,0.02,24,1,0.01391911506652832,True,True,True,
feynman_angular_momentum_2d,5,2,0.02,25,1,0.013844728469848633,True,True,True,
feynman_angular_momentum_2d,5,2,0.02,26,1,0.013723134994506836,True,True,True,
feynman_angular_momentum_2d,5,2,0.02,27,1,0.013883829116821289,True,True,True,
feynman_angular_momentum_2d,5,2,0.02,28,1,0.01374506950378418,True,True,True,
feynman_angular_momentum_2d,5,2,0.02,29,1,0.013974666595458984,True,True,True,
feynman_I.12.2,5,3,0.0,0,1,0.22527694702148438,True,True,True,
feynman_I.12.2,5,3,0.0,1,1,0.2343158721923828,True,True,True,
feynman_I.12.2,5,3,0.0,2,1,0.26087069511413574,True,True,True,
feynman_I.12.2,5,3,0.0,3,1,0.24823403358459473,True,True,True,
feynman_I.12.2,5,3,0.0,4,1,0.19472479820251465,True,True,True,
feynman_I.12.2,5,3,0.0,5,1,0.21431899070739746,True,True,True,
feynman_I.12.2,5,3,0.0,6,1,0.19919705390930176,True,True,True,
feynman_I.12.2,5,3,0.0,7,1,0.20073342323303223,True,True,True,
feynman_I.12.2,5,3,0.0,8,1,0.24240612983703613,True,True,True,
feynman_I.12.2,5,3,0.0,9,1,0.19638705253601074,True,True,True,
feynman_I.12.2,5,3,0.0,10,1,0.24149513244628906,True,True,True,
feynman_I.12.2,5,3,0.0,11,1,0.2203664779663086,True,True,True,
feynman_I.12.2,5,3,0.0,12,1,0.2414720058441162,True,True,True,
feynman_I.12.2,5,3,0.0,13,1,0.23362374305725098,True,True,True,
feynman_I.12.2,5,3,0.0,14,1,0.2222144603729248,True,True,True,
feynman_I.12.2,5,3,0.0,15,1,0.2370011806488037,True,True,True,
feynman_I.12.2,5,3,0.0,16,1,0.23080205917358398,True,True,True,
feynman_I.12.2,5,3,0.0,17,1,0.20866823196411133,True,True,True,
feynman_I.12.2,5,3,0.0,18,1,0.2191479206085205,True,True,True,
feynman_I.12.2,5,3,0.0,19,1,0.1851816177368164,True,True,True,
feynman_I.12.2,5,3,0.0,20,1,0.27817296981811523,True,True,True,
feynman_I.12.2,5,3,0.0,21,1,0.18802738189697266,True,True,True,
feynman_I.12.2,5,3,0.0,22,1,0.16305088996887207,True,True,True,
feynman_I.12.2,5,3,0.0,23,1,0.231842041015625,True,True,True,
feynman_I.12.2,5,3,0.0,24,1,0.24644970893859863,True,True,True,
feynman_I.12.2,5,3,0.0,25,1,0.21249890327453613,True,True,True,
feynman_I.12.2,5,3,0.0,26,1,0.22199702262878418,True,True,True,
feynman_I.12.2,5,3,0.0,27,1,0.26567840576171875,True,True,True,
feynman_I.12.2,5,3,0.0,28,1,0.24163460731506348,True,True,True,
feynman_I.12.2,5,3,0.0,29,1,0.20719456672668457,True,True,True,
feynman_I.12.2,5,3,0.01,0,10,0.21944618225097656,False,False,False,
feynman_I.12.2,5,3,0.01,1,10,0.1904754638671875,False,False,False,
feynman_I.12.2,5,3,0.01,2,10,0.16428327560424805,False,False,False,
feynman_I.12.2,5,3,0.01,3,10,0.16810178756713867,False,False,False,
feynman_I.12.2,5,3,0.01,4,10,0.16402769088745117,False,False,False,
feynman_I.12.2,5,3,0.01,5,10,0.19392800331115723,False,False,False,
feynman_I.12.2,5,3,0.01,6,10,0.19492483139038086,False,False,False,
feynman_I.12.2,5,3,0.01,7,10,0.17401480674743652,False,False,False,
feynman_I.12.2,5,3,0.01,8,10,0.18074369430541992,False,False,False,
feynman_I.12.2,5,3,0.01,9,10,0.1701946258544922,False,False,False,
feynman_I.12.2,5,3,0.01,10,10,0.186781644821167,False,False,False,
feynman_I.12.2,5,3,0.01,11,10,0.1637096405029297,False,False,False,
feynman_I.12.2,5,3,0.01,12,10,0.15953874588012695,False,False,False,
feynman_I.12.2,5,3,0.01,13,10,0.1800549030303955,False,False,False,
feynman_I.12.2,5,3,0.01,14,10,0.1816878318786621,False,False,False,
feynman_I.12.2,5,3,0.01,15,10,0.18473410606384277,False,False,False,
feynman_I.12.2,5,3,0.01,16,10,0.17513394355773926,False,False,False,
feynman_I.12.2,5,3,0.01,17,10,0.15454840660095215,False,False,False,
feynman_I.12.2,5,3,0.01,18,10,0.1761794090270996,False,False,False,
feynman_I.12.2,5,3,0.01,19,10,0.1656022071838379,False,False,False,
feynman_I.12.2,5,3,0.01,20,10,0.1679997444152832,False,False,False,
feynman_I.12.2,5,3,0.01,21,10,0.17403817176818848,False,False,False,
feynman_I.12.2,5,3,0.01,22,10,0.18824005126953125,False,False,False,
feynman_I.12.2,5,3,0.01,23,10,0.17016124725341797,False,False,False,
feynman_I.12.2,5,3,0.01,24,10,0.13365817070007324,False,False,False,
feynman_I.12.2,5,3,0.01,25,10,0.17130208015441895,False,False,False,
feynman_I.12.2,5,3,0.01,26,10,0.17566657066345215,False,False,False,
feynman_I.12.2,5,3,0.01,27,10,0.15654492378234863,False,False,False,
feynman_I.12.2,5,3,0.01,28,10,0.15699052810668945,False,False,False,
feynman_I.12.2,5,3,0.01,29,10,0.1930994987487793,False,False,False,
feynman_I.12.2,5,3,0.02,0,13,0.15491700172424316,False,False,False,
feynman_I.12.2,5,3,0.02,1,13,0.17500853538513184,False,False,False,
feynman_I.12.2,5,3,0.02,2,13,0.13434696197509766,False,False,False,
feynman_I.12.2,5,3,0.02,3,13,0.15150809288024902,False,False,False,
feynman_I.12.2,5,3,0.02,4,13,0.14912796020507812,False,False,False,
feynman_I.12.2,5,3,0.02,5,13,0.15267157554626465,False,False,False,
feynman_I.12.2,5,3,0.02,6,13,0.15544557571411133,False,False,False,
feynman_I.12.2,5,3,0.02,7,13,0.16074514389038086,False,False,False,
feynman_I.12.2,5,3,0.02,8,13,0.16467905044555664,False,False,False,
feynman_I.12.2,5,3,0.02,9,13,0.15416550636291504,False,False,False,
feynman_I.12.2,5,3,0.02,10,13,0.1589677333831787,False,False,False,
feynman_I.12.2,5,3,0.02,11,13,0.13567185401916504,False,False,False,
feynman_I.12.2,5,3,0.02,12,13,0.15606975555419922,False,False,False,
feynman_I.12.2,5,3,0.02,13,13,0.1504805088043213,False,False,False,
feynman_I.12.2,5,3,0.02,14,13,0.14525246620178223,False,False,False,
feynman_I.12.2,5,3,0.02,15,13,0.12198185920715332,False,False,False,
feynman_I.12.2,5,3,0.02,16,13,0.1334059238433838,False,False,False,
feynman_I.12.2,5,3,0.02,17,13,0.16899347305297852,False,False,False,
feynman_I.12.2,5,3,0.02,18,13,0.15252971649169922,False,False,False,
feynman_I.12.2,5,3,0.02,19,13,0.15185546875,False,False,False,
feynman_I.12.2,5,3,0.02,20,13,0.1545865535736084,False,False,False,
feynman_I.12.2,5,3,0.02,21,13,0.1625986099243164,False,False,False,
feynman_I.12.2,5,3,0.02,22,13,0.1440434455871582,False,False,False,
feynman_I.12.2,5,3,0.02,23,14,0.17536187171936035,False,False,False,
feynman_I.12.2,5,3,0.02,24,13,0.1556711196899414,False,False,False,
feynman_I.12.2,5,3,0.02,25,13,0.1662907600402832,False,False,False,
feynman_I.12.2,5,3,0.02,26,13,0.14632368087768555,False,False,False,
feynman_I.12.2,5,3,0.02,27,13,0.15033626556396484,False,False,False,
feynman_I.12.2,5,3,0.02,28,13,0.15945792198181152,False,False,False,
feynman_I.12.2,5,3,0.02,29,14,0.15483903884887695,False,False,False,
feynman_kinematics_position,4,3,0.0,0,1,0.07782578468322754,True,True,True,
feynman_kinematics_position,4,3,0.0,1,1,0.05297732353210449,True,True,True,
feynman_kinematics_position,4,3,0.0,2,1,0.053429365158081055,True,True,True,
feynman_kinematics_position,4,3,0.0,3,1,0.05709719657897949,True,True,True,
feynman_kinematics_position,4,3,0.0,4,1,0.05089879035949707,True,True,True,
feynman_kinematics_position,4,3,0.0,5,1,0.055846452713012695,True,True,True,
feynman_kinematics_position,4,3,0.0,6,1,0.055126190185546875,True,True,True,
feynman_kinematics_position,4,3,0.0,7,1,0.05378246307373047,True,True,True,
feynman_kinematics_position,4,3,0.0,8,1,0.10314416885375977,True,True,True,
feynman_kinematics_position,4,3,0.0,9,1,0.06170916557312012,True,True,True,
feynman_kinematics_position,4,3,0.0,10,1,0.04953360557556152,True,True,True,
feynman_kinematics_position,4,3,0.0,11,1,0.06621074676513672,True,True,True,
feynman_kinematics_position,4,3,0.0,12,1,0.05308055877685547,True,True,True,
feynman_kinematics_position,4,3,0.0,13,1,0.05011129379272461,True,True,True,
feynman_kinematics_position,4,3,0.0,14,1,0.06742262840270996,True,True,True,
feynman_kinematics_position,4,3,0.0,15,1,0.04510903358459473,True,True,True,
feynman_kinematics_position,4,3,0.0,16,1,0.048377037048339844,True,True,True,
feynman_kinematics_position,4,3,0.0,17,1,0.05416536331176758,True,True,True,
feynman_kinematics_position,4,3,0.0,18,1,0.05095791816711426,True,True,True,
feynman_kinematics_position,4,3,0.0,19,1,0.0666196346282959,True,True,True,
feynman_kinematics_position,4,3,0.0,20,1,0.06444525718688965,True,True,True,
feynman_kinematics_position,4,3,0.0,21,1,0.06563210487365723,True,True,True,
feynman_kinematics_position,4,3,0.0,22,1,0.06636595726013184,True,True,True,
feynman_kinematics_position,4,3,0.0,23,1,0.05192732810974121,True,True,True,
feynman_kinematics_position,4,3,0.0,24,1,0.04948759078979492,True,True,True,
feynman_kinematics_position,4,3,0.0,25,1,0.06148934364318848,True,True,True,
feynman_kinematics_position,4,3,0.0,26,1,0.04511713981628418,True,True,True,
feynman_kinematics_position,4,3,0.0,27,1,0.08383655548095703,True,True,True,
feynman_kinematics_position,4,3,0.0,28,1,0.040630340576171875,True,True,True,
feynman_kinematics_position,4,3,0.0,29,1,0.04824352264404297,True,True,True,
feynman_kinematics_position,4,3,0.01,0,5,0.060629844665527344,True,True,True,
feynman_kinematics_position,4,3,0.01,1,6,0.06451010704040527,True,True,True,
feynman_kinematics_position,4,3,0.01,2,5,0.07215595245361328,True,True,True,
feynman_kinematics_position,4,3,0.01,3,4,0.06045842170715332,True,True,True,
feynman_kinematics_position,4,3,0.01,4,6,0.09018588066101074,True,True,True,
feynman_kinematics_position,4,3,0.01,5,6,0.06271791458129883,True,True,True,
feynman_kinematics_position,4,3,0.01,6,5,0.06702017784118652,True,True,True,
feynman_kinematics_position,4,3,0.01,7,6,0.0601961612701416,True,True,True,
feynman_kinematics_position,4,3,0.01,8,5,0.07101869583129883,True,True,True,
feynman_kinematics_position,4,3,0.01,9,5,0.08656740188598633,True,True,True,
feynman_kinematics_position,4,3,0.01,10,6,0.05318498611450195,True,True,True,
feynman_kinematics_position,4,3,0.01,11,6,0.06873035430908203,True,True,True,
feynman_kinematics_position,4,3,0.01,12,6,0.06470489501953125,True,True,True,
feynman_kinematics_position,4,3,0.01,13,5,0.06993603706359863,True,True,True,
feynman_kinematics_position,4,3,0.01,14,6,0.05330634117126465,True,True,True,
feynman_kinematics_position,4,3,0.01,15,6,0.06313490867614746,True,True,True,
feynman_kinematics_position,4,3,0.01,16,6,0.07082080841064453,True,True,True,
feynman_kinematics_position,4,3,0.01,17,5,0.06450128555297852,True,True,True,
feynman_kinematics_position,4,3,0.01,18,6,0.07668924331665039,True,True,True,
feynman_kinematics_position,4,3,0.01,19,6,0.0591273307800293,True,True,True,
feynman_kinematics_position,4,3,0.01,20,6,0.0650949478149414,True,True,True,
feynman_kinematics_position,4,3,0.01,21,5,0.0651402473449707,True,True,True,
feynman_kinematics_position,4,3,0.01,22,5,0.05746960639953613,True,True,True,
feynman_kinematics_position,4,3,0.01,23,6,0.056139230728149414,True,True,True,
feynman_kinematics_position,4,3,0.01,24,6,0.0816946029663086,True,True,True,
feynman_kinematics_position,4,3,0.01,25,6,0.06860780715942383,True,True,True,
feynman_kinematics_position,4,3,0.01,26,6,0.07383084297180176,True,True,True,
feynman_kinematics_position,4,3,0.01,27,6,0.06758928298950195,True,True,True,
feynman_kinematics_position,4,3,0.01,28,6,0.06670498847961426,True,True,True,
feynman_kinematics_position,4,3,0.01,29,6,0.0525212287902832,True,True,True,
feynman_kinematics_position,4,3,0.02,0,9,0.06609535217285156,True,False,False,
feynman_kinematics_position,4,3,0.02,1,9,0.061118364334106445,True,False,False,
feynman_kinematics_position,4,3,0.02,2,9,0.0777425765991211,True,False,False,
feynman_kinematics_position,4,3,0.02,3,9,0.0677957534790039,True,False,False,
feynman_kinematics_position,4,3,0.02,4,9,0.08315658569335938,True,False,False,
feynman_kinematics_position,4,3,0.02,5,9,0.0836184024810791,True,False,False,
feynman_kinematics_position,4,3,0.02,6,9,0.0621790885925293,True,False,False,
feynman_kinematics_position,4,3,0.02,7,9,0.07474851608276367,True,False,False,
feynman_kinematics_position,4,3,0.02,8,9,0.08786845207214355,True,False,False,
feynman_kinematics_position,4,3,0.02,9,9,0.10478019714355469,True,False,False,
feynman_kinematics_position,4,3,0.02,10,9,0.07483553886413574,True,False,False,
feynman_kinematics_position,4,3,0.02,11,9,0.07620048522949219,True,False,False,
feynman_kinematics_position,4,3,0.02,12,9,0.07205343246459961,True,False,False,
feynman_kinematics_position,4,3,0.02,13,9,0.07810044288635254,True,False,False,
feynman_kinematics_position,4,3,0.02,14,9,0.06771135330200195,True,False,False,
feynman_kinematics_position,4,3,0.02,15,9,0.07822465896606445,True,False,False,
feynman_kinematics_position,4,3,0.02,16,9,0.08505368232727051,True,False,False,
feynman_kinematics_position,4,3,0.02,17,9,0.08025264739990234,True,False,False,
feynman_kinematics_position,4,3,0.02,18,9,0.07855415344238281,True,False,False,
feynman_kinematics_position,4,3,0.02,19,9,0.0749504566192627,True,False,False,
feynman_kinematics_position,4,3,0.02,20,9,0.09042787551879883,True,False,False,
feynman_kinematics_position,4,3,0.02,21,9,0.0699312686920166,True,False,False,
feynman_kinematics_position,4,3,0.02,22,9,0.0594172477722168,True,False,False,
feynman_kinematics_position,4,3,0.02,23,9,0.0812990665435791,True,False,False,
feynman_kinematics_position,4,3,0.02,24,9,0.08454442024230957,True,False,False,
feynman_kinematics_position,4,3,0.02,25,9,0.06622862815856934,True,False,False,
feynman_kinematics_position,4,3,0.02,26,9,0.07356142997741699,True,False,False,
feynman_kinematics_position,4,3,0.02,27,9,0.08255577087402344,True,False,False,
feynman_kinematics_position,4,3,0.02,28,9,0.06897425651550293,True,False,False,
feynman_kinematics_position,4,3,0.02,29,9,0.05502438545227051,True,False,False,
