name,sigma,srgb_rate,srgb_red,null_rate,null_red,sindy_st_rate,sindy_st_red,runtime
I.12.2,0.0,1.0,1.0,1.0,1.0,1.0,54.6,634.935
I.12.2,0.02,0.0,1.0,0.0,1.0,0.0,55.0,14.402
I.12.2,0.05,0.0,1.0,0.0,1.0,0.0,55.167,14.774
I.13.4,0.0,1.0,1.0,1.0,1.0,1.0,18.833,0.41
I.13.4,0.02,1.0,1.0,0.0,1.0,0.0,19.667,4.346
I.13.4,0.05,1.0,1.0,0.0,0.067,0.0,19.9,3.48
I.14.3,0.0,1.0,1.0,1.0,1.0,1.0,34.0,0.576
I.14.3,0.02,0.0,0.067,0.0,0.0,0.0,35.0,6.352
I.14.3,0.05,0.0,1.0,0.0,0.133,0.0,35.0,5.921
I.34.27,0.0,1.0,1.0,1.0,1.0,1.0,9.0,0.168
I.34.27,0.02,1.0,1.0,0.167,1.433,1.0,10.0,1.155
I.34.27,0.05,1.0,1.0,0.0,0.2,0.0,10.0,1.445
I.39.22,0.0,1.0,1.0,1.0,1.0,1.0,14.0,1.24
I.39.22,0.02,1.0,1.0,0.0,0.0,0.0,15.0,9.757
I.39.22,0.05,0.867,1.0,0.0,0.0,0.0,15.0,4.724
I.43.31,0.0,1.0,1.0,1.0,1.0,1.0,33.967,0.74
I.43.31,0.02,0.0,1.0,0.0,0.0,0.0,35.0,7.508
I.43.31,0.05,0.0,1.0,0.0,0.0,0.0,34.967,7.285
I.8.14,0.0,1.0,1.0,1.0,1.0,1.0,15.0,2.984
I.8.14,0.02,1.0,1.0,0.7,1.0,1.0,16.0,2.656
I.8.14,0.05,1.0,1.0,0.0,0.633,0.533,20.033,4.357
algebraic_cubic_toy,0.0,1.0,1.0,1.0,1.0,1.0,3.367,0.405
algebraic_cubic_toy,0.02,1.0,1.0,0.0,1.0,0.0,9.667,2.399
algebraic_cubic_toy,0.05,0.0,1.0,0.0,1.0,0.0,9.867,1.922
angular_momentum_2d,0.0,1.0,1.0,1.0,1.0,1.0,19.0,0.593
angular_momentum_2d,0.02,1.0,1.0,1.0,1.0,1.0,19.0,0.824
angular_momentum_2d,0.05,1.0,1.0,1.0,1.0,1.0,19.0,0.806
centripetal_force,0.0,1.0,1.0,1.0,1.0,1.0,33.8,1.188
centripetal_force,0.02,0.0,1.0,0.0,1.0,0.0,35.0,6.35
centripetal_force,0.05,0.0,1.0,0.0,1.0,0.0,35.0,6.791
charge_force_toy,0.0,1.0,1.0,1.0,1.0,1.0,33.967,0.751
charge_force_toy,0.02,1.0,1.0,0.0,0.0,0.0,32.6,6.028
charge_force_toy,0.05,0.0,1.0,0.0,0.0,0.0,32.133,6.873
circle_locus,0.0,1.0,1.0,1.0,1.0,1.0,7.1,0.349
circle_locus,0.02,1.0,1.0,0.0,1.0,1.0,8.7,0.583
circle_locus,0.05,1.0,1.0,0.0,0.1,0.767,8.933,0.874
distance_3d,0.0,1.0,1.0,1.0,1.0,1.0,11.133,0.496
distance_3d,0.02,1.0,1.0,0.0,1.0,0.967,12.5,0.652
distance_3d,0.05,1.0,1.0,0.0,0.0,0.433,13.4,1.036
frequency_shift_linear,0.0,1.0,1.0,1.0,1.0,1.0,8.0,0.152
frequency_shift_linear,0.02,1.0,1.0,0.0,0.0,0.0,10.0,185.256
frequency_shift_linear,0.05,1.0,1.0,0.0,0.0,0.0,10.0,1.765
gravitational_pe_orbit,0.0,1.0,1.0,1.0,1.0,1.0,55.0,3.248
gravitational_pe_orbit,0.02,0.0,1.0,0.0,0.0,0.0,56.0,14.006
gravitational_pe_orbit,0.05,0.0,1.0,0.0,0.0,0.0,55.8,13.061
kinematics_position,0.0,1.0,1.0,1.0,1.0,1.0,33.0,0.791
kinematics_position,0.02,1.0,1.0,0.0,0.0,0.0,35.0,13.038
kinematics_position,0.05,0.0,1.0,0.0,0.7,0.0,35.0,7.724
kinetic_energy_scaled,0.0,1.0,1.0,1.0,1.0,1.0,18.833,0.267
kinetic_energy_scaled,0.02,1.0,1.0,0.0,1.0,0.0,19.667,3.379
kinetic_energy_scaled,0.05,1.0,1.0,0.0,0.067,0.0,19.9,3.641
momentum_conservation_1d,0.0,1.0,1.0,1.0,1.0,1.0,19.0,0.89
momentum_conservation_1d,0.02,1.0,1.0,0.3,0.933,0.0,21.0,3.025
momentum_conservation_1d,0.05,0.667,1.0,0.0,0.9,0.0,21.0,934.03
momentum_definition,0.0,1.0,1.0,1.0,1.0,1.0,9.0,0.207
momentum_definition,0.02,1.0,1.0,1.0,1.0,1.0,9.0,0.193
momentum_definition,0.05,1.0,1.0,0.467,0.467,1.0,9.967,0.9
newtons_second_law,0.0,1.0,1.0,1.0,1.0,1.0,9.0,0.166
newtons_second_law,0.02,1.0,1.0,1.0,1.0,1.0,9.0,0.151
newtons_second_law,0.05,1.0,1.0,0.833,1.067,1.0,8.767,0.267
parallel_axis_theorem,0.0,1.0,1.0,1.0,1.0,1.0,32.967,0.721
parallel_axis_theorem,0.02,0.0,1.0,0.0,1.0,0.0,34.9,6.284
parallel_axis_theorem,0.05,0.0,1.0,0.0,1.0,0.0,35.0,5.774
planck_relation_duplicate,0.0,1.0,1.0,1.0,1.0,1.0,9.0,0.165
planck_relation_duplicate,0.02,1.0,1.0,0.167,1.433,1.0,10.0,70.194
planck_relation_duplicate,0.05,1.0,1.0,0.0,0.2,0.0,10.0,1.45
polarization_correction,0.0,1.0,1.0,1.0,1.0,1.0,54.0,3.417
polarization_correction,0.02,0.0,0.967,0.0,1.0,0.0,56.0,17.118
polarization_correction,0.05,0.0,1.0,0.0,1.0,0.0,56.0,15.236
power_definition,0.0,1.0,1.0,1.0,1.0,1.0,9.0,0.147
power_definition,0.02,1.0,1.0,1.0,1.0,1.0,9.0,0.159
power_definition,0.05,1.0,1.0,1.0,1.0,1.0,9.0,0.143
wavenumber_dispersion,0.0,1.0,1.0,1.0,1.0,1.0,12.967,0.176
wavenumber_dispersion,0.02,1.0,1.0,1.0,1.0,1.0,12.967,0.24
wavenumber_dispersion,0.05,1.0,1.0,1.0,1.0,1.0,12.967,0.209
work_energy,0.0,1.0,1.0,1.0,1.0,1.0,9.0,0.152
work_energy,0.02,1.0,1.0,1.0,1.0,1.0,9.0,0.183
work_energy,0.05,1.0,1.0,1.0,1.0,1.0,9.0,0.16
