seed,benchmark,null_dim,M,N,SR-GB+CSNP_exact,SR-GB+CSNP_redundancy,SINDy-null (exact)_exact,SINDy-null (exact)_redundancy,OMP (exact)_exact,OMP (exact)_redundancy,Dense SVD+GB (exact)_exact,Dense SVD+GB (exact)_redundancy,SINDy-ST_exact,SINDy-ST_redundancy
0,sum,1,6,2522,True,1,True,1,True,1,True,1,True,4
1,sum,1,6,2496,True,1,True,1,True,1,True,1,True,4
2,sum,1,6,2637,True,1,True,1,True,1,True,1,True,3
3,sum,1,6,2386,True,1,True,1,True,1,True,1,True,4
4,sum,1,6,2856,True,1,True,1,True,1,True,1,True,3
5,sum,1,6,2425,True,1,True,1,True,1,True,1,True,4
6,sum,1,6,2645,True,1,True,1,True,1,True,1,True,4
7,sum,1,6,2744,True,1,True,1,True,1,True,1,True,3
8,sum,1,6,2409,True,1,True,1,True,1,True,1,True,4
9,sum,1,6,3092,True,1,True,1,True,1,True,1,True,3
10,sum,1,6,2705,True,1,True,1,True,1,True,1,True,3
11,sum,1,6,2829,True,1,True,1,True,1,True,1,True,3
12,sum,1,6,2628,True,1,True,1,True,1,True,1,True,4
13,sum,1,6,2901,True,1,True,1,True,1,True,1,True,3
14,sum,1,6,2524,True,1,True,1,True,1,True,1,True,4
15,sum,1,6,2775,True,1,True,1,True,1,True,1,True,3
16,sum,1,6,2571,True,1,True,1,True,1,True,1,True,4
17,sum,1,6,2367,True,1,True,1,True,1,True,1,True,4
18,sum,1,6,2868,True,1,True,1,True,1,True,1,True,4
19,sum,1,6,2713,True,1,True,1,True,1,True,1,True,4
20,sum,1,6,2422,True,1,True,1,True,1,True,1,True,4
21,sum,1,6,2798,True,1,True,1,True,1,True,1,True,3
22,sum,1,6,2358,True,1,True,1,True,1,True,1,True,4
23,sum,1,6,2150,True,1,True,1,True,1,True,1,True,4
24,sum,1,6,2567,True,1,True,1,True,1,True,1,True,4
25,sum,1,6,2205,True,1,True,1,True,1,True,1,True,4
26,sum,1,6,2707,True,1,True,1,True,1,True,1,True,3
27,sum,1,6,2531,True,1,True,1,True,1,True,1,True,4
28,sum,1,6,2707,True,1,True,1,True,1,True,1,True,3
29,sum,1,6,2359,True,1,True,1,True,1,True,1,True,4
0,ps2,1,10,1320,True,1,True,1,True,1,True,1,True,6
1,ps2,1,10,1308,True,1,True,1,True,1,True,1,True,6
2,ps2,1,10,1376,True,1,True,1,True,1,True,1,True,6
3,ps2,1,10,1257,True,1,True,1,True,1,True,1,True,6
4,ps2,1,10,1482,True,1,True,1,True,1,True,1,True,6
5,ps2,1,10,1278,True,1,True,1,True,1,True,1,True,6
6,ps2,1,10,1379,True,1,True,1,True,1,True,1,True,6
7,ps2,1,10,1427,True,1,True,1,True,1,True,1,True,6
8,ps2,1,10,1268,True,1,True,1,True,1,True,1,True,6
9,ps2,1,10,1590,True,1,True,1,True,1,True,1,True,6
10,ps2,1,10,1410,True,1,True,1,True,1,True,1,True,6
11,ps2,1,10,1467,True,1,True,1,True,1,True,1,True,6
12,ps2,1,10,1377,True,1,True,1,True,1,True,1,True,7
13,ps2,1,10,1506,True,1,True,1,True,1,True,1,True,6
14,ps2,1,10,1322,True,1,True,1,True,1,True,1,True,6
15,ps2,1,10,1438,True,1,True,1,True,1,True,1,True,6
16,ps2,1,10,1342,True,1,True,1,True,1,True,1,True,6
17,ps2,1,10,1245,True,1,True,1,True,1,True,1,True,7
18,ps2,1,10,1486,True,1,True,1,True,1,True,1,True,6
19,ps2,1,10,1415,True,1,True,1,True,1,True,1,True,6
20,ps2,1,10,1272,True,1,True,1,True,1,True,1,True,6
21,ps2,1,10,1456,True,1,True,1,True,1,True,1,True,6
22,ps2,1,10,1239,True,1,True,1,True,1,True,1,True,6
23,ps2,1,10,1145,True,1,True,1,True,1,True,1,True,6
24,ps2,1,10,1344,True,1,True,1,True,1,True,1,True,6
25,ps2,1,10,1174,True,1,True,1,True,1,True,1,True,7
26,ps2,1,10,1409,True,1,True,1,True,1,True,1,True,6
27,ps2,1,10,1326,True,1,True,1,True,1,True,1,True,6
28,ps2,1,10,1411,True,1,True,1,True,1,True,1,True,6
29,ps2,1,10,1246,True,1,True,1,True,1,True,1,True,6
0,ps3,1,15,867,True,1,True,1,True,1,True,1,False,14
1,ps3,1,15,862,True,1,True,1,True,1,True,1,False,14
2,ps3,1,15,905,True,1,True,1,True,1,True,1,False,15
3,ps3,1,15,832,True,1,True,1,True,1,True,1,False,14
4,ps3,1,15,962,True,1,True,1,True,1,True,1,False,14
5,ps3,1,15,841,True,1,True,1,True,1,True,1,False,14
6,ps3,1,15,903,True,1,True,1,True,1,True,1,False,14
7,ps3,1,15,932,True,1,True,1,True,1,True,1,False,14
8,ps3,1,15,838,True,1,True,1,True,1,True,1,False,14
9,ps3,1,15,1036,True,1,True,1,True,1,True,1,False,14
10,ps3,1,15,927,True,1,True,1,True,1,True,1,False,14
11,ps3,1,15,957,True,1,True,1,True,1,True,1,False,14
12,ps3,1,15,898,True,1,True,1,True,1,True,1,False,14
13,ps3,1,15,976,True,1,True,1,True,1,True,1,False,14
14,ps3,1,15,873,True,1,True,1,True,1,True,1,False,14
15,ps3,1,15,942,True,1,True,1,True,1,True,1,False,14
16,ps3,1,15,884,True,1,True,1,True,1,True,1,False,14
17,ps3,1,15,829,True,1,True,1,True,1,True,1,False,14
18,ps3,1,15,970,True,1,True,1,True,1,True,1,False,15
19,ps3,1,15,927,True,1,True,1,True,1,True,1,False,15
20,ps3,1,15,841,True,1,True,1,True,1,True,1,False,15
21,ps3,1,15,950,True,1,True,1,True,1,True,1,False,14
22,ps3,1,15,827,True,1,True,1,True,1,True,1,False,14
23,ps3,1,15,766,True,1,True,1,True,1,True,1,False,14
24,ps3,1,15,883,True,1,True,1,True,1,True,1,False,14
25,ps3,1,15,781,True,1,True,1,True,1,True,1,False,14
26,ps3,1,15,923,True,1,True,1,True,1,True,1,False,14
27,ps3,1,15,871,True,1,True,1,True,1,True,1,False,15
28,ps3,1,15,923,True,1,True,1,True,1,True,1,False,14
29,ps3,1,15,825,True,1,True,1,True,1,True,1,False,14
0,egcd,2,45,359,True,3,True,2,True,2,True,2,True,40
1,egcd,2,45,390,True,3,True,2,True,2,True,2,True,38
2,egcd,2,45,381,True,3,True,2,True,2,True,2,True,40
3,egcd,2,45,402,True,3,True,2,True,2,True,2,True,39
4,egcd,2,45,396,True,3,True,2,True,2,True,2,True,39
5,egcd,2,45,386,True,3,True,2,True,2,True,2,True,39
6,egcd,2,45,363,True,3,True,2,True,2,True,2,True,39
7,egcd,2,45,358,True,3,True,2,True,2,True,2,True,39
8,egcd,2,45,373,True,3,True,2,True,2,True,2,True,40
9,egcd,2,45,363,True,3,True,2,True,2,True,2,True,38
10,egcd,2,45,371,True,3,True,2,True,2,True,2,True,40
11,egcd,2,45,368,True,3,True,2,True,2,True,2,True,39
12,egcd,2,45,377,True,3,True,2,True,2,True,2,True,39
13,egcd,2,45,379,True,3,True,2,True,2,True,2,True,40
14,egcd,2,45,378,True,3,True,2,True,2,True,2,True,39
15,egcd,2,45,406,True,3,True,2,True,2,True,2,True,40
16,egcd,2,45,362,True,3,True,2,True,2,True,2,True,39
17,egcd,2,45,389,True,3,True,2,True,2,True,2,True,39
18,egcd,2,45,392,True,3,True,2,True,2,True,2,True,39
19,egcd,2,45,382,True,3,True,2,True,2,True,2,True,38
20,egcd,2,45,377,True,3,True,2,True,2,True,2,True,40
21,egcd,2,45,385,True,3,True,2,True,2,True,2,True,39
22,egcd,2,45,423,True,3,True,2,True,2,True,2,True,40
23,egcd,2,45,376,True,3,True,2,True,2,True,2,True,38
24,egcd,2,45,411,True,3,True,2,True,2,True,2,True,39
25,egcd,2,45,377,True,3,True,2,True,2,True,2,True,39
26,egcd,2,45,384,True,3,True,2,True,2,True,2,True,39
27,egcd,2,45,345,True,3,True,2,True,2,True,2,True,39
28,egcd,2,45,375,True,3,True,2,True,2,True,2,True,39
29,egcd,2,45,366,True,3,True,2,True,2,True,2,True,40
0,hash,0,15,1380,False,0,False,0,False,0,False,0,False,0
1,hash,0,15,1368,False,0,False,0,False,0,False,0,False,0
2,hash,0,15,1434,False,0,False,0,False,0,False,0,False,0
3,hash,0,15,1322,False,0,False,0,False,0,False,0,False,0
4,hash,0,15,1532,False,0,False,0,False,0,False,0,False,0
5,hash,0,15,1338,False,0,False,0,False,0,False,0,False,0
6,hash,0,15,1438,False,0,False,0,False,0,False,0,False,0
7,hash,0,15,1478,False,0,False,0,False,0,False,0,False,0
8,hash,0,15,1329,False,0,False,0,False,0,False,0,False,0
9,hash,0,15,1641,False,0,False,0,False,0,False,0,False,0
10,hash,0,15,1467,False,0,False,0,False,0,False,0,False,0
11,hash,0,15,1520,False,0,False,0,False,0,False,0,False,0
12,hash,0,15,1432,False,0,False,0,False,0,False,0,False,0
13,hash,0,15,1553,False,0,False,0,False,0,False,0,False,0
14,hash,0,15,1385,False,0,False,0,False,0,False,0,False,0
15,hash,0,15,1497,False,0,False,0,False,0,False,0,False,0
16,hash,0,15,1403,False,0,False,0,False,0,False,0,False,0
17,hash,0,15,1310,False,0,False,0,False,0,False,0,False,0
18,hash,0,15,1535,False,0,False,0,False,0,False,0,False,0
19,hash,0,15,1469,False,0,False,0,False,0,False,0,False,0
20,hash,0,15,1338,False,0,False,0,False,0,False,0,False,0
21,hash,0,15,1509,False,0,False,0,False,0,False,0,False,0
22,hash,0,15,1304,False,0,False,0,False,0,False,0,False,0
23,hash,0,15,1208,False,0,False,0,False,0,False,0,False,0
24,hash,0,15,1405,False,0,False,0,False,0,False,0,False,0
25,hash,0,15,1237,False,0,False,0,False,0,False,0,False,0
26,hash,0,15,1467,False,0,False,0,False,0,False,0,False,0
27,hash,0,15,1386,False,0,False,0,False,0,False,0,False,0
28,hash,0,15,1464,False,0,False,0,False,0,False,0,False,0
29,hash,0,15,1312,False,0,False,0,False,0,False,0,False,0
