sigma,seed,new_exact,orig_exact,new_time,orig_time
0.0,0,True,True,0.11265897750854492,0.005719423294067383
0.0,1,True,True,0.008775711059570312,0.004473686218261719
0.0,2,True,True,0.009542465209960938,0.004953622817993164
0.0,3,True,True,0.01561427116394043,0.008873462677001953
0.0,4,True,True,0.015476703643798828,0.008564949035644531
0.0,5,True,True,0.015313386917114258,0.008737802505493164
0.0,6,True,True,0.015380859375,0.005944728851318359
0.0,7,True,True,0.007970809936523438,0.005050182342529297
0.0,8,True,True,0.015001773834228516,0.009055376052856445
0.0,9,True,True,0.015107154846191406,0.008545398712158203
0.0,10,True,True,0.015156269073486328,0.008591890335083008
0.0,11,True,True,0.015259265899658203,0.008520126342773438
0.0,12,True,True,0.008188724517822266,0.00436854362487793
0.0,13,True,True,0.007950782775878906,0.005186796188354492
0.0,14,True,True,0.008076667785644531,0.004369020462036133
0.0,15,True,True,0.015082836151123047,0.008674144744873047
0.0,16,True,True,0.015151023864746094,0.008701324462890625
0.0,17,True,True,0.015062570571899414,0.008554935455322266
0.0,18,True,True,0.015120983123779297,0.008634090423583984
0.0,19,True,True,0.00861978530883789,0.0044708251953125
0.0,20,True,True,0.010429859161376953,0.00910329818725586
0.0,21,True,True,0.01605057716369629,0.006336212158203125
0.0,22,True,True,0.01529383659362793,0.008797407150268555
0.0,23,True,True,0.01523900032043457,0.008533239364624023
0.0,24,True,True,0.015327930450439453,0.008592605590820312
0.0,25,True,True,0.009196043014526367,0.0045011043548583984
0.0,26,True,True,0.015650510787963867,0.00856328010559082
0.0,27,True,True,0.015245199203491211,0.00877690315246582
0.0,28,True,True,0.015113353729248047,0.008744001388549805
0.0,29,True,True,0.010884284973144531,0.0044193267822265625
0.02,0,True,True,0.009050369262695312,0.008531808853149414
0.02,1,True,False,0.01538991928100586,0.013249397277832031
0.02,2,True,False,0.007996082305908203,0.008283376693725586
0.02,3,True,False,0.01583075523376465,0.007345438003540039
0.02,4,True,False,0.015373468399047852,0.016730785369873047
0.02,5,True,False,0.015814781188964844,0.010248422622680664
0.02,6,True,True,0.012753486633300781,0.00884699821472168
0.02,7,True,True,0.015209197998046875,0.009105920791625977
0.02,8,True,True,0.015198230743408203,0.008564949035644531
0.02,9,True,True,0.015218496322631836,0.006653308868408203
0.02,10,True,True,0.008084535598754883,0.007618904113769531
0.02,11,True,True,0.015755176544189453,0.008664131164550781
0.02,12,True,True,0.015451908111572266,0.008714914321899414
0.02,13,True,False,0.015343427658081055,0.006072044372558594
0.02,14,True,True,0.015636205673217773,0.008667230606079102
0.02,15,True,True,0.01539754867553711,0.006367683410644531
0.02,16,True,False,0.015548467636108398,0.009657144546508789
0.02,17,True,True,0.015357017517089844,0.008702516555786133
0.02,18,True,False,0.013337135314941406,0.007802724838256836
0.02,19,True,True,0.015973329544067383,0.008777618408203125
0.02,20,True,False,0.015331029891967773,0.009847640991210938
0.02,21,True,False,0.015680551528930664,0.009883642196655273
0.02,22,True,True,0.008746623992919922,0.004446983337402344
0.02,23,True,True,0.015208959579467773,0.00881338119506836
0.02,24,True,True,0.015313386917114258,0.008640766143798828
0.02,25,True,True,0.009006738662719727,0.0087432861328125
0.02,26,True,False,0.010921478271484375,0.005028963088989258
0.02,27,True,False,0.015678882598876953,0.014428377151489258
0.02,28,True,True,0.008088350296020508,0.007978677749633789
0.02,29,True,True,0.015874624252319336,0.008617401123046875
0.04,0,True,False,0.015201807022094727,0.010010957717895508
0.04,1,True,False,0.008083581924438477,0.012391805648803711
0.04,2,True,False,0.01609063148498535,0.010317564010620117
0.04,3,True,False,0.015664100646972656,0.006451845169067383
0.04,4,True,False,0.015783071517944336,0.013474702835083008
0.04,5,True,False,0.010205507278442383,0.005113840103149414
0.04,6,True,False,0.015601158142089844,0.01022195816040039
0.04,7,True,False,0.010988712310791016,0.008669376373291016
0.04,8,True,False,0.01553797721862793,0.009769439697265625
0.04,9,True,False,0.008570671081542969,0.010029792785644531
0.04,10,True,False,0.015610694885253906,0.009988784790039062
0.04,11,True,False,0.015546560287475586,0.006132602691650391
0.04,12,True,False,0.01596689224243164,0.009825944900512695
0.04,13,True,False,0.008525371551513672,0.00731348991394043
0.04,14,True,False,0.01550745964050293,0.009990692138671875
0.04,15,True,False,0.011017799377441406,0.005098819732666016
0.04,16,True,False,0.007863044738769531,0.005017757415771484
0.04,17,True,False,0.008982658386230469,0.00854945182800293
0.04,18,True,False,0.015619039535522461,0.009579658508300781
0.04,19,True,False,0.008817195892333984,0.005246877670288086
0.04,20,True,False,0.015562295913696289,0.009624481201171875
0.04,21,True,False,0.01564788818359375,0.009779691696166992
0.04,22,True,False,0.008040666580200195,0.009467363357543945
0.04,23,True,False,0.015614748001098633,0.009678363800048828
0.04,24,True,False,0.009949445724487305,0.00982213020324707
0.04,25,True,False,0.015434980392456055,0.009927511215209961
0.04,26,True,False,0.013448238372802734,0.00989985466003418
0.04,27,True,False,0.015869140625,0.017430782318115234
0.04,28,True,False,0.008288145065307617,0.00982046127319336
0.04,29,True,False,0.015520811080932617,0.010213613510131836
0.06,0,True,False,0.011008739471435547,0.009998559951782227
0.06,1,True,False,0.015806913375854492,0.010780572891235352
0.06,2,True,False,0.016013383865356445,0.016913652420043945
0.06,3,True,False,0.015982627868652344,0.013522624969482422
0.06,4,True,False,0.013416528701782227,0.015444517135620117
0.06,5,True,False,0.01591801643371582,0.012826204299926758
0.06,6,True,False,0.012628555297851562,0.0062046051025390625
0.06,7,True,False,0.012451887130737305,0.008989334106445312
0.06,8,True,False,0.015965938568115234,0.01003408432006836
0.06,9,True,False,0.008169889450073242,0.014413595199584961
0.06,10,True,False,0.008842706680297852,0.006451129913330078
0.06,11,True,False,0.01590728759765625,0.011484146118164062
0.06,12,True,False,0.00933384895324707,0.010193347930908203
0.06,13,True,False,0.008880138397216797,0.005492687225341797
0.06,14,True,False,0.01581430435180664,0.009870052337646484
0.06,15,True,False,0.015845775604248047,0.006917476654052734
0.06,16,True,False,0.015610933303833008,0.010603189468383789
0.06,17,True,False,0.008195638656616211,0.008756637573242188
0.06,18,True,False,0.016181468963623047,0.009860038757324219
0.06,19,True,False,0.008147716522216797,0.006557464599609375
0.06,20,True,False,0.008042335510253906,0.00968027114868164
0.06,21,True,False,0.015995264053344727,0.011615514755249023
0.06,22,True,False,0.01563119888305664,0.00986480712890625
0.06,23,True,False,0.01535177230834961,0.010776042938232422
0.06,24,True,False,0.015887022018432617,0.009918928146362305
0.06,25,True,False,0.014258384704589844,0.009766340255737305
0.06,26,True,False,0.01531839370727539,0.00532984733581543
0.06,27,True,False,0.015603065490722656,0.017226457595825195
0.06,28,True,False,0.008295297622680664,0.005669355392456055
0.06,29,True,False,0.015973806381225586,0.009987831115722656
0.08,0,True,False,0.008294343948364258,0.012332439422607422
0.08,1,True,False,0.015769481658935547,0.009207487106323242
0.08,2,True,False,0.015987873077392578,0.009861230850219727
0.08,3,True,False,0.008164405822753906,0.005898714065551758
0.08,4,True,False,0.015816926956176758,0.011578083038330078
0.08,5,True,False,0.009487628936767578,0.009404659271240234
0.08,6,True,False,0.015610694885253906,0.011912345886230469
0.08,7,True,False,0.008122444152832031,0.014126777648925781
0.08,8,True,False,0.010471343994140625,0.0053136348724365234
0.08,9,True,False,0.015625476837158203,0.015437126159667969
0.08,10,True,False,0.008185863494873047,0.012830495834350586
0.08,11,True,False,0.015819311141967773,0.011869668960571289
0.08,12,True,False,0.009339094161987305,0.005230426788330078
0.08,13,True,False,0.008065462112426758,0.0051386356353759766
0.08,14,True,False,0.007938623428344727,0.007451057434082031
0.08,15,True,False,0.015817880630493164,0.011842012405395508
0.08,16,True,False,0.013227462768554688,0.009878158569335938
0.08,17,True,False,0.009571075439453125,0.011899709701538086
0.08,18,True,False,0.01564764976501465,0.009961605072021484
0.08,19,True,False,0.01125955581665039,0.011736869812011719
0.08,20,True,False,0.015706539154052734,0.009976387023925781
0.08,21,True,False,0.008229255676269531,0.0069081783294677734
0.08,22,True,False,0.008104562759399414,0.005140066146850586
0.08,23,True,False,0.012359857559204102,0.012623310089111328
0.08,24,True,False,0.015430688858032227,0.012002944946289062
0.08,25,True,False,0.011871576309204102,0.013312101364135742
0.08,26,True,False,0.016086578369140625,0.010085105895996094
0.08,27,True,False,0.008680105209350586,0.011798620223999023
0.08,28,True,False,0.015744686126708984,0.00876164436340332
0.08,29,True,False,0.01592564582824707,0.0056912899017333984
0.1,0,True,False,0.015917062759399414,0.01724982261657715
0.1,1,True,False,0.014438152313232422,0.01710224151611328
0.1,2,True,False,0.016736507415771484,0.009416341781616211
0.1,3,True,False,0.0161590576171875,0.012720584869384766
0.1,4,True,False,0.015798091888427734,0.013008356094360352
0.1,5,True,False,0.010437965393066406,0.006982564926147461
0.1,6,True,False,0.009735584259033203,0.013427972793579102
0.1,7,True,False,0.01566791534423828,0.010553836822509766
0.1,8,True,False,0.012066841125488281,0.009905815124511719
0.1,9,True,False,0.015959978103637695,0.016428470611572266
0.1,10,True,False,0.0167236328125,0.011708974838256836
0.1,11,True,False,0.010329008102416992,0.01560211181640625
0.1,12,True,False,0.00850820541381836,0.007596254348754883
0.1,13,True,False,0.016034841537475586,0.010275602340698242
0.1,14,True,False,0.009212732315063477,0.009889602661132812
0.1,15,True,False,0.015784025192260742,0.012027263641357422
0.1,16,True,False,0.01587533950805664,0.010085582733154297
0.1,17,True,False,0.01587963104248047,0.012752771377563477
0.1,18,True,False,0.015393733978271484,0.010008573532104492
0.1,19,True,False,0.015633583068847656,0.010813713073730469
0.1,20,True,False,0.008929967880249023,0.005195140838623047
0.1,21,True,False,0.008392095565795898,0.006315469741821289
0.1,22,True,False,0.014776229858398438,0.01076507568359375
0.1,23,True,False,0.01564764976501465,0.006570577621459961
0.1,24,True,False,0.015969514846801758,0.010035276412963867
0.1,25,True,False,0.014120101928710938,0.0052340030670166016
0.1,26,True,False,0.009913921356201172,0.005238771438598633
0.1,27,True,False,0.011746883392333984,0.017773866653442383
0.1,28,True,False,0.01579427719116211,0.0077745914459228516
0.1,29,True,False,0.008179187774658203,0.005295991897583008
0.12,0,True,False,0.013767719268798828,0.016928434371948242
0.12,1,True,False,0.013234615325927734,0.016527652740478516
0.12,2,True,False,0.010157585144042969,0.015395164489746094
0.12,3,True,False,0.01141500473022461,0.00739598274230957
0.12,4,True,False,0.015683889389038086,0.01592564582824707
0.12,5,True,False,0.012253761291503906,0.01760721206665039
0.12,6,True,False,0.015799522399902344,0.016496896743774414
0.12,7,True,False,0.009314537048339844,0.011864662170410156
0.12,8,True,False,0.015826940536499023,0.01072549819946289
0.12,9,True,False,0.008379459381103516,0.008210897445678711
0.12,10,True,False,0.008037805557250977,0.007165193557739258
0.12,11,True,False,0.008357048034667969,0.006282806396484375
0.12,12,True,False,0.01587963104248047,0.009950637817382812
0.12,13,True,False,0.009177446365356445,0.010270833969116211
0.12,14,True,False,0.01569533348083496,0.015551328659057617
0.12,15,True,False,0.016033172607421875,0.013012409210205078
0.12,16,True,False,0.011089563369750977,0.0072345733642578125
0.12,17,True,False,0.016010284423828125,0.011688947677612305
0.12,18,True,False,0.015850067138671875,0.0105133056640625
0.12,19,True,False,0.012294769287109375,0.0070917606353759766
0.12,20,True,False,0.015943288803100586,0.009956836700439453
0.12,21,True,False,0.010828256607055664,0.007551670074462891
0.12,22,True,False,0.015994548797607422,0.012783288955688477
0.12,23,True,False,0.015463829040527344,0.007806301116943359
0.12,24,True,False,0.00845956802368164,0.00632786750793457
0.12,25,True,False,0.01566338539123535,0.009860515594482422
0.12,26,True,False,0.015729904174804688,0.011371612548828125
0.12,27,True,False,0.01596665382385254,0.0176846981048584
0.12,28,True,False,0.012592315673828125,0.011743545532226562
0.12,29,True,False,0.015984773635864258,0.012889862060546875
0.14,0,True,False,0.008182525634765625,0.014569759368896484
0.14,1,True,False,0.018026113510131836,0.010746479034423828
0.14,2,True,False,0.01616382598876953,0.01711273193359375
0.14,3,True,False,0.016261816024780273,0.016868114471435547
0.14,4,True,False,0.014601707458496094,0.013236761093139648
0.14,5,True,False,0.01588153839111328,0.011258125305175781
0.14,6,True,False,0.013292789459228516,0.009038448333740234
0.14,7,True,False,0.016086101531982422,0.013112306594848633
0.14,8,True,False,0.008679389953613281,0.014495372772216797
0.14,9,True,False,0.011542081832885742,0.009533405303955078
0.14,10,True,False,0.016339540481567383,0.011800765991210938
0.14,11,True,False,0.015568256378173828,0.006245851516723633
0.14,12,True,False,0.01586008071899414,0.011660099029541016
0.14,13,True,False,0.010846614837646484,0.008939504623413086
0.14,14,True,False,0.013753652572631836,0.014366388320922852
0.14,15,True,False,0.008397102355957031,0.008831024169921875
0.14,16,True,False,0.01613020896911621,0.01467275619506836
0.14,17,True,False,0.011034965515136719,0.05337929725646973
0.14,18,True,False,0.013185501098632812,0.006578683853149414
0.14,19,True,False,0.01584649085998535,0.011597871780395508
0.14,20,True,False,0.015157938003540039,0.007362842559814453
0.14,21,True,False,0.00825047492980957,0.007864713668823242
0.14,22,True,False,0.015399694442749023,0.012006998062133789
0.14,23,True,False,0.015805482864379883,0.01147150993347168
0.14,24,True,False,0.015361547470092773,0.014373302459716797
0.14,25,True,False,0.014315366744995117,0.023873329162597656
0.14,26,True,False,0.012772560119628906,0.015227079391479492
0.14,27,True,False,0.015995264053344727,0.01583409309387207
0.14,28,True,False,0.011200666427612305,0.006392478942871094
0.14,29,True,False,0.008154869079589844,0.007334709167480469
0.16,0,True,False,0.015634536743164062,0.01677393913269043
0.16,1,False,False,0.03956770896911621,0.01653909683227539
0.16,2,True,False,0.01564192771911621,0.009839057922363281
0.16,3,True,False,0.016089200973510742,0.013016700744628906
0.16,4,True,False,0.011365652084350586,0.009647369384765625
0.16,5,True,False,0.01280355453491211,0.0167233943939209
0.16,6,True,False,0.008589029312133789,0.011742115020751953
0.16,7,True,False,0.012436389923095703,0.007215976715087891
0.16,8,True,False,0.016065120697021484,0.007790565490722656
0.16,9,True,False,0.017395734786987305,0.016396760940551758
0.16,10,True,False,0.008391618728637695,0.00869297981262207
0.16,11,True,False,0.01581883430480957,0.014988422393798828
0.16,12,True,False,0.008536338806152344,0.005723714828491211
0.16,13,True,False,0.01609516143798828,0.014990091323852539
0.16,14,True,False,0.016115903854370117,0.015392780303955078
0.16,15,True,False,0.014013290405273438,0.006323575973510742
0.16,16,True,False,0.010359525680541992,0.012187004089355469
0.16,17,True,False,0.017400741577148438,0.013262748718261719
0.16,18,True,False,0.016054630279541016,0.010061025619506836
0.16,19,True,False,0.009554624557495117,0.013869524002075195
0.16,20,True,False,0.01606011390686035,0.010069608688354492
0.16,21,True,False,0.008540630340576172,0.007678031921386719
0.16,22,True,False,0.01442098617553711,0.012779474258422852
0.16,23,True,False,0.016046524047851562,0.011720657348632812
0.16,24,True,False,0.00841832160949707,0.012271404266357422
0.16,25,True,False,0.015831947326660156,0.017890214920043945
0.16,26,True,False,0.01587677001953125,0.011095046997070312
0.16,27,True,False,0.016129016876220703,0.010339975357055664
0.16,28,True,False,0.015707731246948242,0.01206517219543457
0.16,29,True,False,0.008413553237915039,0.00856924057006836
0.18,0,True,False,0.01407313346862793,0.01762676239013672
0.18,1,False,False,0.044523000717163086,0.009884357452392578
0.18,2,False,False,0.04540371894836426,0.016553878784179688
0.18,3,False,False,0.04463315010070801,0.016925811767578125
0.18,4,True,False,0.01645493507385254,0.017096519470214844
0.18,5,False,False,0.04596662521362305,0.01633596420288086
0.18,6,True,False,0.015705108642578125,0.017349958419799805
0.18,7,True,False,0.045348405838012695,0.011809587478637695
0.18,8,False,False,0.0247952938079834,0.013546466827392578
0.18,9,True,False,0.011422157287597656,0.01610255241394043
0.18,10,True,False,0.008908987045288086,0.01529550552368164
0.18,11,True,False,0.008373260498046875,0.008214235305786133
0.18,12,False,False,0.020527124404907227,0.010094165802001953
0.18,13,False,False,0.029790878295898438,0.010982751846313477
0.18,14,True,False,0.008390188217163086,0.016247034072875977
0.18,15,True,False,0.016083717346191406,0.014174222946166992
0.18,16,False,False,0.04167771339416504,0.01328587532043457
0.18,17,True,False,0.008957862854003906,0.01029515266418457
0.18,18,False,False,0.03765463829040527,0.013147592544555664
0.18,19,True,False,0.016177892684936523,0.012526988983154297
0.18,20,False,False,0.03873014450073242,0.01072239875793457
0.18,21,False,False,0.03376603126525879,0.01543569564819336
0.18,22,True,False,0.009441137313842773,0.016063451766967773
0.18,23,True,False,0.010500431060791016,0.007382392883300781
0.18,24,True,False,0.01599884033203125,0.0076160430908203125
0.18,25,True,False,0.010252237319946289,0.02544260025024414
0.18,26,False,False,0.0338892936706543,0.01154637336730957
0.18,27,True,False,0.016266345977783203,0.019171953201293945
0.18,28,True,False,0.01644301414489746,0.012518882751464844
0.18,29,True,False,0.008611917495727539,0.014454126358032227
0.2,0,False,False,0.008229970932006836,0.009855508804321289
0.2,1,False,False,0.004378318786621094,0.009229660034179688
0.2,2,False,False,0.005502462387084961,0.009934186935424805
0.2,3,False,False,0.008573532104492188,0.01343083381652832
0.2,4,True,False,0.018072843551635742,0.056958675384521484
0.2,5,False,False,0.011806964874267578,0.02573704719543457
0.2,6,False,False,0.0044100284576416016,0.017188310623168945
0.2,7,False,False,0.004225254058837891,0.010575532913208008
0.2,8,False,False,0.004918098449707031,0.009320497512817383
0.2,9,False,False,0.0052187442779541016,0.016281604766845703
0.2,10,False,False,0.014203786849975586,0.015892982482910156
0.2,11,False,False,0.006328582763671875,0.015314817428588867
0.2,12,False,False,0.008173465728759766,0.014756202697753906
0.2,13,False,False,0.00809335708618164,0.01528787612915039
0.2,14,False,False,0.008386373519897461,0.010397195816040039
0.2,15,False,False,0.00802159309387207,0.01306009292602539
0.2,16,False,False,0.0041120052337646484,0.009207963943481445
0.2,17,False,False,0.008533239364624023,0.009753942489624023
0.2,18,False,False,0.007784366607666016,0.016766071319580078
0.2,19,False,False,0.004502058029174805,0.014546394348144531
0.2,20,False,False,0.008465290069580078,0.008166790008544922
0.2,21,False,False,0.008229255676269531,0.015995502471923828
0.2,22,False,False,0.004691362380981445,0.008969306945800781
0.2,23,False,False,0.013754606246948242,0.014671802520751953
0.2,24,False,False,0.0042345523834228516,0.009001016616821289
0.2,25,False,False,0.008105039596557617,0.0192568302154541
0.2,26,False,False,0.00460052490234375,0.0065937042236328125
0.2,27,False,False,0.008235692977905273,0.02452564239501953
0.2,28,False,False,0.008345603942871094,0.01364445686340332
0.2,29,False,False,0.007816553115844727,0.017194747924804688
0.22,0,False,False,0.004194736480712891,0.017638444900512695
0.22,1,False,False,0.0043299198150634766,0.01693248748779297
0.22,2,False,False,0.007132530212402344,0.011082887649536133
0.22,3,False,False,0.004508256912231445,0.016746044158935547
0.22,4,False,False,0.00401759147644043,0.017375469207763672
0.22,5,False,False,0.004282712936401367,0.02489781379699707
0.22,6,False,False,0.004178285598754883,0.026830434799194336
0.22,7,False,False,0.008067607879638672,0.013559579849243164
0.22,8,False,False,0.007889747619628906,0.013912677764892578
0.22,9,False,False,0.004548072814941406,0.009279012680053711
0.22,10,False,False,0.004297018051147461,0.014459609985351562
0.22,11,False,False,0.007528066635131836,0.009628772735595703
0.22,12,False,False,0.007970809936523438,0.025426149368286133
0.22,13,False,False,0.004175424575805664,0.015257596969604492
0.22,14,False,False,0.008003711700439453,0.012013912200927734
0.22,15,False,False,0.007586479187011719,0.015237808227539062
0.22,16,False,False,0.004063129425048828,0.01165461540222168
0.22,17,False,False,0.008419990539550781,0.0161283016204834
0.22,18,False,False,0.00398564338684082,0.007697343826293945
0.22,19,False,False,0.0038728713989257812,0.009417295455932617
0.22,20,False,False,0.007535457611083984,0.01303720474243164
0.22,21,False,False,0.007355690002441406,0.026812314987182617
0.22,22,False,False,0.010068178176879883,0.013344764709472656
0.22,23,False,False,0.007816791534423828,0.015541791915893555
0.22,24,False,False,0.0042018890380859375,0.014205217361450195
0.22,25,False,False,0.004042387008666992,0.017228364944458008
0.22,26,False,False,0.008232355117797852,0.012365341186523438
0.22,27,False,False,0.007219791412353516,0.025700807571411133
0.22,28,False,False,0.008340120315551758,0.01601123809814453
0.22,29,False,False,0.004031181335449219,0.016047000885009766
0.24,0,False,False,0.004256486892700195,0.017580509185791016
0.24,1,False,False,0.006596803665161133,0.01174306869506836
0.24,2,False,False,0.004153251647949219,0.014472723007202148
0.24,3,False,False,0.008387088775634766,0.016391992568969727
0.24,4,False,False,0.007648468017578125,0.016997337341308594
0.24,5,False,False,0.008197546005249023,0.024759292602539062
0.24,6,False,False,0.0074694156646728516,0.021833181381225586
0.24,7,False,False,0.004278659820556641,0.015591144561767578
0.24,8,False,False,0.0040340423583984375,0.012851238250732422
0.24,9,False,False,0.010180234909057617,0.013950586318969727
0.24,10,False,False,0.004088163375854492,0.019844770431518555
0.24,11,False,False,0.004361629486083984,0.008879899978637695
0.24,12,False,False,0.007913589477539062,0.025818586349487305
0.24,13,False,False,0.003999948501586914,0.01829981803894043
0.24,14,False,False,0.007787466049194336,0.011277198791503906
0.24,15,False,False,0.004192829132080078,0.00718235969543457
0.24,16,False,False,0.00807332992553711,0.024985313415527344
0.24,17,False,False,0.004126548767089844,0.010832071304321289
0.24,18,False,False,0.0073931217193603516,0.013359785079956055
0.24,19,False,False,0.006391286849975586,0.010047197341918945
0.24,20,False,False,0.004113435745239258,0.016047000885009766
0.24,21,False,False,0.007391214370727539,0.025319576263427734
0.24,22,False,False,0.0041925907135009766,0.0065348148345947266
0.24,23,False,False,0.0041277408599853516,0.0208892822265625
0.24,24,False,False,0.007959604263305664,0.0221099853515625
0.24,25,False,False,0.0053861141204833984,0.02653050422668457
0.24,26,False,False,0.007112264633178711,0.013271570205688477
0.24,27,False,False,0.007722139358520508,0.02614426612854004
0.24,28,False,False,0.004146099090576172,0.009674549102783203
0.24,29,False,False,0.0075533390045166016,0.015995025634765625
0.26,0,False,False,0.008098125457763672,0.01084280014038086
0.26,1,False,False,0.004157304763793945,0.009269952774047852
0.26,2,False,False,0.004519939422607422,0.007452249526977539
0.26,3,False,False,0.008317947387695312,0.014945745468139648
0.26,4,False,False,0.0041141510009765625,0.009324073791503906
0.26,5,False,False,0.046625375747680664,0.0247039794921875
0.26,6,False,False,0.00772547721862793,0.025431156158447266
0.26,7,False,False,0.008032560348510742,0.012740612030029297
0.26,8,False,False,0.0080108642578125,0.016391754150390625
0.26,9,False,False,0.008004426956176758,0.01006460189819336
0.26,10,False,False,0.0042572021484375,0.024865150451660156
0.26,11,False,False,0.008088111877441406,0.017764806747436523
0.26,12,False,False,0.007651329040527344,0.026547908782958984
0.26,13,False,False,0.007617473602294922,0.015953779220581055
0.26,14,False,False,0.0046749114990234375,0.007949352264404297
0.26,15,False,False,0.004134416580200195,0.007392168045043945
0.26,16,False,False,0.00391697883605957,0.014160871505737305
0.26,17,False,False,0.008112668991088867,0.009385824203491211
0.26,18,False,False,0.007881402969360352,0.020287752151489258
0.26,19,False,False,0.00890350341796875,0.01636672019958496
0.26,20,False,False,0.004231929779052734,0.02989959716796875
0.26,21,False,False,0.0046062469482421875,0.01778721809387207
0.26,22,False,False,0.004288673400878906,0.014323949813842773
0.26,23,False,False,0.00809788703918457,0.025082826614379883
0.26,24,False,False,0.008234024047851562,0.018691301345825195
0.26,25,False,False,0.007851362228393555,0.025074243545532227
0.26,26,False,False,0.008426189422607422,0.016593217849731445
0.26,27,False,False,0.008037805557250977,0.02371978759765625
0.26,28,False,False,0.008012056350708008,0.012062549591064453
0.26,29,False,False,0.007988929748535156,0.01604175567626953
0.28,0,False,False,0.00473475456237793,0.009328126907348633
0.28,1,False,False,0.007846355438232422,0.016867399215698242
0.28,2,False,False,0.008018255233764648,0.01376962661743164
0.28,3,False,False,0.004141092300415039,0.014346837997436523
0.28,4,False,False,0.0074939727783203125,0.016808509826660156
0.28,5,False,False,0.004806041717529297,0.024813175201416016
0.28,6,False,False,0.0075244903564453125,0.023518800735473633
0.28,7,False,False,0.008368253707885742,0.009548187255859375
0.28,8,False,False,0.003983259201049805,0.009661197662353516
0.28,9,False,False,0.003968715667724609,0.00997018814086914
0.28,10,False,False,0.008064031600952148,0.019237518310546875
0.28,11,False,False,0.007687568664550781,0.01413273811340332
0.28,12,False,False,0.005810976028442383,0.017019271850585938
0.28,13,False,False,0.007734537124633789,0.02531266212463379
0.28,14,False,False,0.006327152252197266,0.016035079956054688
0.28,15,False,False,0.008023738861083984,0.013604879379272461
0.28,16,False,False,0.007817983627319336,0.025922775268554688
0.28,17,False,False,0.004153251647949219,0.013277769088745117
0.28,18,False,False,0.004725456237792969,0.013198375701904297
0.28,19,False,False,0.008591413497924805,0.016930341720581055
0.28,20,False,False,0.0057752132415771484,0.018710851669311523
0.28,21,False,False,0.007550477981567383,0.023296117782592773
0.28,22,False,False,0.008041143417358398,0.01746058464050293
0.28,23,False,False,0.009400367736816406,0.02496027946472168
0.28,24,False,False,0.007575511932373047,0.02549123764038086
0.28,25,False,False,0.004960298538208008,0.021001338958740234
0.28,26,False,False,0.008041143417358398,0.01699042320251465
0.28,27,False,False,0.0044019222259521484,0.014370203018188477
0.28,28,False,False,0.008151531219482422,0.009176254272460938
0.28,29,False,False,0.004098653793334961,0.02512192726135254
0.3,0,False,False,0.008619308471679688,0.016958951950073242
0.3,1,False,False,0.008097410202026367,0.01631021499633789
0.3,2,False,False,0.008667230606079102,0.013513326644897461
0.3,3,False,False,0.008434772491455078,0.01469111442565918
0.3,4,False,False,0.007327079772949219,0.025611162185668945
0.3,5,False,False,0.0075991153717041016,0.020725011825561523
0.3,6,False,False,0.008874177932739258,0.02183079719543457
0.3,7,False,False,0.007742881774902344,0.009545087814331055
0.3,8,False,False,0.007839202880859375,0.013377666473388672
0.3,9,False,False,0.0044400691986083984,0.016417980194091797
0.3,10,False,False,0.008042335510253906,0.026114702224731445
0.3,11,False,False,0.00842905044555664,0.017513275146484375
0.3,12,False,False,0.005948066711425781,0.02723097801208496
0.3,13,False,False,0.005788326263427734,0.02963876724243164
0.3,14,False,False,0.007528543472290039,0.016663312911987305
0.3,15,False,False,0.004631519317626953,0.021740436553955078
0.3,16,False,False,0.0051326751708984375,0.01861262321472168
0.3,17,False,False,0.007891654968261719,0.022984743118286133
0.3,18,False,False,0.008778810501098633,0.020363807678222656
0.3,19,False,False,0.008933782577514648,0.016764163970947266
0.3,20,False,False,0.008642435073852539,0.02719855308532715
0.3,21,False,False,0.007742881774902344,0.028324127197265625
0.3,22,False,False,0.00799703598022461,0.024129629135131836
0.3,23,False,False,0.004269838333129883,0.024610280990600586
0.3,24,False,False,0.00813150405883789,0.02570486068725586
0.3,25,False,False,0.0078277587890625,0.02022266387939453
0.3,26,False,False,0.0041735172271728516,0.016927480697631836
0.3,27,False,False,0.011122703552246094,0.024463891983032227
0.3,28,False,False,0.004795551300048828,0.008218765258789062
0.3,29,False,False,0.009348630905151367,0.023695707321166992
0.32,0,False,False,0.0043604373931884766,0.012018442153930664
0.32,1,False,False,0.007465362548828125,0.016027450561523438
0.32,2,False,False,0.009179115295410156,0.007748126983642578
0.32,3,False,False,0.004331111907958984,0.020814895629882812
0.32,4,False,False,0.004519939422607422,0.02269577980041504
0.32,5,False,False,0.004626035690307617,0.02152395248413086
0.32,6,False,False,0.008585453033447266,0.025435924530029297
0.32,7,False,False,0.007753133773803711,0.016718149185180664
0.32,8,False,False,0.007875919342041016,0.008754730224609375
0.32,9,False,False,0.004572629928588867,0.015245914459228516
0.32,10,False,False,0.004024982452392578,0.03215169906616211
0.32,11,False,False,0.004450321197509766,0.01680755615234375
0.32,12,False,False,0.006806135177612305,0.030103445053100586
0.32,13,False,False,0.00447535514831543,0.025633573532104492
0.32,14,False,False,0.004349470138549805,0.016108036041259766
0.32,15,False,False,0.007508993148803711,0.01194620132446289
0.32,16,False,False,0.009124279022216797,0.015066385269165039
0.32,17,False,False,0.0041811466217041016,0.02099299430847168
0.32,18,False,False,0.0046885013580322266,0.020227670669555664
0.32,19,False,False,0.007667064666748047,0.015386104583740234
0.32,20,False,False,0.00881195068359375,0.02759265899658203
0.32,21,False,False,0.005938291549682617,0.014356374740600586
0.32,22,False,False,0.00418543815612793,0.012290000915527344
0.32,23,False,False,0.007599353790283203,0.02402949333190918
0.32,24,False,False,0.0076177120208740234,0.020860910415649414
0.32,25,False,False,0.004708766937255859,0.013227701187133789
0.32,26,False,False,0.008279800415039062,0.014683008193969727
0.32,27,False,False,0.004374504089355469,0.02221846580505371
0.32,28,False,False,0.007672548294067383,0.010233163833618164
0.32,29,False,False,0.008152484893798828,0.023332834243774414
0.34,0,False,False,0.14239263534545898,0.010466337203979492
0.34,1,False,False,0.013673782348632812,0.014467716217041016
0.34,2,False,False,0.02659916877746582,0.01174783706665039
0.34,3,False,False,0.01375436782836914,0.015069961547851562
0.34,4,False,False,0.019978761672973633,0.022898435592651367
0.34,5,False,False,0.019740819931030273,0.012354612350463867
0.34,6,False,False,0.02703070640563965,0.02024984359741211
0.34,7,False,False,0.020509004592895508,0.013628244400024414
0.34,8,False,False,0.01399374008178711,0.011241912841796875
0.34,9,False,False,0.019872665405273438,0.012811660766601562
0.34,10,False,False,0.026539087295532227,0.03125572204589844
0.34,11,False,False,0.02544260025024414,0.027383089065551758
0.34,12,False,False,0.02284073829650879,0.02538585662841797
0.34,13,False,False,0.024556636810302734,0.013558149337768555
0.34,14,False,False,0.0184175968170166,0.009379148483276367
0.34,15,False,False,0.02066636085510254,0.022970199584960938
0.34,16,False,False,0.026445627212524414,0.02539801597595215
0.34,17,False,False,0.02640223503112793,0.019954681396484375
0.34,18,False,False,0.020807743072509766,0.01989150047302246
0.34,19,False,False,0.01685476303100586,0.007730007171630859
0.34,20,False,False,0.02657294273376465,0.02730870246887207
0.34,21,False,False,0.021521806716918945,0.031322479248046875
0.34,22,False,False,0.014706611633300781,0.016862154006958008
0.34,23,False,False,0.021331310272216797,0.013465166091918945
0.34,24,False,False,0.016573667526245117,0.021486759185791016
0.34,25,False,False,0.013313055038452148,0.016815185546875
0.34,26,False,False,0.027256488800048828,0.019804000854492188
0.34,27,False,False,0.022437572479248047,0.030972003936767578
0.34,28,False,False,0.023564577102661133,0.01213836669921875
0.34,29,False,False,0.026424646377563477,0.020827770233154297
0.36,0,False,False,0.015690326690673828,0.014940023422241211
0.36,1,False,False,0.019289255142211914,0.009569406509399414
0.36,2,False,False,0.02642822265625,0.010922670364379883
0.36,3,False,False,0.026712656021118164,0.018143892288208008
0.36,4,False,False,0.026790142059326172,0.02697610855102539
0.36,5,False,False,0.013462305068969727,0.021730422973632812
0.36,6,False,False,0.016525745391845703,0.015478849411010742
0.36,7,False,False,0.016270160675048828,0.011858224868774414
0.36,8,False,False,0.02695751190185547,0.01764512062072754
0.36,9,False,False,0.013333320617675781,0.008513212203979492
0.36,10,False,False,0.026291608810424805,0.031144142150878906
0.36,11,False,False,0.024678707122802734,0.027797460556030273
0.36,12,False,False,0.02316880226135254,0.018111705780029297
0.36,13,False,False,0.02440929412841797,0.029922008514404297
0.36,14,False,False,0.02602553367614746,0.009842634201049805
0.36,15,False,False,0.026688575744628906,0.020981788635253906
0.36,16,False,False,0.027115345001220703,0.026867389678955078
0.36,17,False,False,0.02513742446899414,0.022329330444335938
0.36,18,False,False,0.021022319793701172,0.01463007926940918
0.36,19,False,False,0.024581432342529297,0.009415388107299805
0.36,20,False,False,0.022045373916625977,0.022246599197387695
0.36,21,False,False,0.01399087905883789,0.031119346618652344
0.36,22,False,False,0.022756338119506836,0.02129530906677246
0.36,23,False,False,0.015736103057861328,0.01604747772216797
0.36,24,False,False,0.023738861083984375,0.01586604118347168
0.36,25,False,False,0.01776432991027832,0.020649433135986328
0.36,26,False,False,0.026807069778442383,0.02367091178894043
0.36,27,False,False,0.01324319839477539,0.020082950592041016
0.36,28,False,False,0.0226438045501709,0.011576175689697266
0.36,29,False,False,0.026865482330322266,0.024201631546020508
0.38,0,False,False,0.026844024658203125,0.01682138442993164
0.38,1,False,False,0.01618790626525879,0.01690196990966797
0.38,2,False,False,0.023066043853759766,0.018375873565673828
0.38,3,False,False,0.014335393905639648,0.021974802017211914
0.38,4,False,False,0.019500732421875,0.029969453811645508
0.38,5,False,False,0.024283647537231445,0.016730785369873047
0.38,6,False,False,0.026709318161010742,0.020201683044433594
0.38,7,False,False,0.02660655975341797,0.01950693130493164
0.38,8,False,False,0.026590585708618164,0.012263298034667969
0.38,9,False,False,0.02297496795654297,0.023884057998657227
0.38,10,False,False,0.013464212417602539,0.01688408851623535
0.38,11,False,False,0.026857852935791016,0.026941776275634766
0.38,12,False,False,0.02666926383972168,0.01788473129272461
0.38,13,False,False,0.026751279830932617,0.02269601821899414
0.38,14,False,False,0.022473812103271484,0.017632007598876953
0.38,15,False,False,0.023059368133544922,0.014625787734985352
0.38,16,False,False,0.013459920883178711,0.020990848541259766
0.38,17,False,False,0.013477325439453125,0.012844085693359375
0.38,18,False,False,0.025078773498535156,0.02585768699645996
0.38,19,False,False,0.024571895599365234,0.00971221923828125
0.38,20,False,False,0.026528596878051758,0.02893519401550293
0.38,21,False,False,0.026947736740112305,0.03181648254394531
0.38,22,False,False,0.021962881088256836,0.018304824829101562
0.38,23,False,False,0.018689870834350586,0.017398595809936523
0.38,24,False,False,0.02643609046936035,0.029944896697998047
0.38,25,False,False,0.024634361267089844,0.02503514289855957
0.38,26,False,False,0.023149728775024414,0.01315617561340332
0.38,27,False,False,0.013119935989379883,0.0274965763092041
0.38,28,False,False,0.014441251754760742,0.015444040298461914
0.38,29,False,False,0.023705005645751953,0.014520406723022461
0.4,0,False,False,0.02604222297668457,0.017604827880859375
0.4,1,False,False,0.023421049118041992,0.018262147903442383
0.4,2,False,False,0.021960973739624023,0.010205984115600586
0.4,3,False,False,0.026500940322875977,0.02482318878173828
0.4,4,False,False,0.02378678321838379,0.03130602836608887
0.4,5,False,False,0.024061918258666992,0.014477968215942383
0.4,6,False,False,0.026897907257080078,0.02066493034362793
0.4,7,False,False,0.02588033676147461,0.020966053009033203
0.4,8,False,False,0.026392459869384766,0.017005443572998047
0.4,9,False,False,0.013433694839477539,0.01302647590637207
0.4,10,False,False,0.026554346084594727,0.025687456130981445
0.4,11,False,False,0.023284196853637695,0.03009653091430664
0.4,12,False,False,0.026227712631225586,0.03245949745178223
0.4,13,False,False,0.02524542808532715,0.03040933609008789
0.4,14,False,False,0.013642072677612305,0.015526056289672852
0.4,15,False,False,0.024226665496826172,0.020763635635375977
0.4,16,False,False,0.017146587371826172,0.014980792999267578
0.4,17,False,False,0.017056941986083984,0.012458562850952148
0.4,18,False,False,0.013615608215332031,0.014164447784423828
0.4,19,False,False,0.026688575744628906,0.013582944869995117
0.4,20,False,False,0.02637457847595215,0.0301055908203125
0.4,21,False,False,0.022636890411376953,0.03279423713684082
0.4,22,False,False,0.024273157119750977,0.025627851486206055
0.4,23,False,False,0.018309354782104492,0.031646728515625
0.4,24,False,False,0.013428449630737305,0.023886442184448242
0.4,25,False,False,0.013438224792480469,0.01758098602294922
0.4,26,False,False,0.026425600051879883,0.023974895477294922
0.4,27,False,False,0.026529550552368164,0.030126571655273438
0.4,28,False,False,0.02523326873779297,0.010067224502563477
0.4,29,False,False,0.024354219436645508,0.013888120651245117
